state,tid,spec,result,misc,exp_key,owner,version,book_time,refresh_time,loss,status,params.c_annual,params.c_monthly,params.starting_deviation,params.stick_down_eta,params.strong_side_eta
2,0,,"{'loss': 1.4391301825634268, 'params': {'c_annual': 24.259359648798167, 'c_monthly': 15.972362551988367, 'starting_deviation': 81.0, 'stick_down_eta': 166.52640646299196, 'strong_side_eta': 90.94021044427443}, 'status': 'ok'}","{'tid': 0, 'cmd': ('domain_attachment', 'FMinIter_Domain'), 'workdir': None, 'idxs': {'c_annual': [0], 'c_monthly': [0], 'starting_deviation': [0], 'stick_down_eta': [0], 'strong_side_eta': [0]}, 'vals': {'c_annual': [24.259359648798167], 'c_monthly': [15.972362551988367], 'starting_deviation': [81.0], 'stick_down_eta': [166.52640646299196], 'strong_side_eta': [90.94021044427443]}}",,,0,2022-09-17 05:52:47.176,2022-09-17 05:52:53.152,1.4391301825634268,ok,24.259359648798167,15.972362551988367,81.0,166.52640646299196,90.94021044427443
2,1,,"{'loss': 1.435368768224788, 'params': {'c_annual': 33.507397413446725, 'c_monthly': 15.789979674352434, 'starting_deviation': 470.0, 'stick_down_eta': 145.54514863546498, 'strong_side_eta': 82.02079177066275}, 'status': 'ok'}","{'tid': 1, 'cmd': ('domain_attachment', 'FMinIter_Domain'), 'workdir': None, 'idxs': {'c_annual': [1], 'c_monthly': [1], 'starting_deviation': [1], 'stick_down_eta': [1], 'strong_side_eta': [1]}, 'vals': {'c_annual': [33.507397413446725], 'c_monthly': [15.789979674352434], 'starting_deviation': [470.0], 'stick_down_eta': [145.54514863546498], 'strong_side_eta': [82.02079177066275]}}",,,0,2022-09-17 05:52:53.159,2022-09-17 05:52:58.875,1.435368768224788,ok,33.507397413446725,15.789979674352434,470.0,145.54514863546498,82.02079177066275
2,2,,"{'loss': 1.436181983696762, 'params': {'c_annual': 43.20639577324752, 'c_monthly': 47.56119532966646, 'starting_deviation': 187.0, 'stick_down_eta': 176.66305547617242, 'strong_side_eta': 167.47767111065684}, 'status': 'ok'}","{'tid': 2, 'cmd': ('domain_attachment', 'FMinIter_Domain'), 'workdir': None, 'idxs': {'c_annual': [2], 'c_monthly': [2], 'starting_deviation': [2], 'stick_down_eta': [2], 'strong_side_eta': [2]}, 'vals': {'c_annual': [43.20639577324752], 'c_monthly': [47.56119532966646], 'starting_deviation': [187.0], 'stick_down_eta': [176.66305547617242], 'strong_side_eta': [167.47767111065684]}}",,,0,2022-09-17 05:52:58.882,2022-09-17 05:53:04.685,1.436181983696762,ok,43.20639577324752,47.56119532966646,187.0,176.66305547617242,167.47767111065684
2,3,,"{'loss': 1.441664849050523, 'params': {'c_annual': 9.397759318367427, 'c_monthly': 21.66664009351125, 'starting_deviation': 97.0, 'stick_down_eta': 183.74450433387537, 'strong_side_eta': 88.96650246023034}, 'status': 'ok'}","{'tid': 3, 'cmd': ('domain_attachment', 'FMinIter_Domain'), 'workdir': None, 'idxs': {'c_annual': [3], 'c_monthly': [3], 'starting_deviation': [3], 'stick_down_eta': [3], 'strong_side_eta': [3]}, 'vals': {'c_annual': [9.397759318367427], 'c_monthly': [21.66664009351125], 'starting_deviation': [97.0], 'stick_down_eta': [183.74450433387537], 'strong_side_eta': [88.96650246023034]}}",,,0,2022-09-17 05:53:04.693,2022-09-17 05:53:10.418,1.441664849050523,ok,9.397759318367427,21.66664009351125,97.0,183.74450433387537,88.96650246023034
2,4,,"{'loss': 1.4209961819412307, 'params': {'c_annual': 26.152616402719175, 'c_monthly': 40.13823905781552, 'starting_deviation': 319.0, 'stick_down_eta': 34.374312279312136, 'strong_side_eta': 162.47919767147263}, 'status': 'ok'}","{'tid': 4, 'cmd': ('domain_attachment', 'FMinIter_Domain'), 'workdir': None, 'idxs': {'c_annual': [4], 'c_monthly': [4], 'starting_deviation': [4], 'stick_down_eta': [4], 'strong_side_eta': [4]}, 'vals': {'c_annual': [26.152616402719175], 'c_monthly': [40.13823905781552], 'starting_deviation': [319.0], 'stick_down_eta': [34.374312279312136], 'strong_side_eta': [162.47919767147263]}}",,,0,2022-09-17 05:53:10.425,2022-09-17 05:53:16.364,1.4209961819412307,ok,26.152616402719175,40.13823905781552,319.0,34.374312279312136,162.47919767147263
2,5,,"{'loss': 1.425627515373018, 'params': {'c_annual': 45.19260362533432, 'c_monthly': 35.785663105351645, 'starting_deviation': 287.0, 'stick_down_eta': 87.60583728818465, 'strong_side_eta': 159.91068832143458}, 'status': 'ok'}","{'tid': 5, 'cmd': ('domain_attachment', 'FMinIter_Domain'), 'workdir': None, 'idxs': {'c_annual': [5], 'c_monthly': [5], 'starting_deviation': [5], 'stick_down_eta': [5], 'strong_side_eta': [5]}, 'vals': {'c_annual': [45.19260362533432], 'c_monthly': [35.785663105351645], 'starting_deviation': [287.0], 'stick_down_eta': [87.60583728818465], 'strong_side_eta': [159.91068832143458]}}",,,0,2022-09-17 05:53:16.371,2022-09-17 05:53:22.441,1.425627515373018,ok,45.19260362533432,35.785663105351645,287.0,87.60583728818465,159.91068832143458
2,6,,"{'loss': 1.4388695776781786, 'params': {'c_annual': 40.025161572837234, 'c_monthly': 9.421264588271505, 'starting_deviation': 124.0, 'stick_down_eta': 187.8739475205543, 'strong_side_eta': 146.80560359711365}, 'status': 'ok'}","{'tid': 6, 'cmd': ('domain_attachment', 'FMinIter_Domain'), 'workdir': None, 'idxs': {'c_annual': [6], 'c_monthly': [6], 'starting_deviation': [6], 'stick_down_eta': [6], 'strong_side_eta': [6]}, 'vals': {'c_annual': [40.025161572837234], 'c_monthly': [9.421264588271505], 'starting_deviation': [124.0], 'stick_down_eta': [187.8739475205543], 'strong_side_eta': [146.80560359711365]}}",,,0,2022-09-17 05:53:22.451,2022-09-17 05:53:29.809,1.4388695776781786,ok,40.025161572837234,9.421264588271505,124.0,187.8739475205543,146.80560359711365
2,7,,"{'loss': 1.4351767358710381, 'params': {'c_annual': 29.630983765278383, 'c_monthly': 43.71626476672288, 'starting_deviation': 212.0, 'stick_down_eta': 155.07287576557647, 'strong_side_eta': 123.41587170046324}, 'status': 'ok'}","{'tid': 7, 'cmd': ('domain_attachment', 'FMinIter_Domain'), 'workdir': None, 'idxs': {'c_annual': [7], 'c_monthly': [7], 'starting_deviation': [7], 'stick_down_eta': [7], 'strong_side_eta': [7]}, 'vals': {'c_annual': [29.630983765278383], 'c_monthly': [43.71626476672288], 'starting_deviation': [212.0], 'stick_down_eta': [155.07287576557647], 'strong_side_eta': [123.41587170046324]}}",,,0,2022-09-17 05:53:29.819,2022-09-17 05:53:35.860,1.4351767358710381,ok,29.630983765278383,43.71626476672288,212.0,155.07287576557647,123.41587170046324
2,8,,"{'loss': 1.4397531742922023, 'params': {'c_annual': 16.20299911421868, 'c_monthly': 41.88282185302633, 'starting_deviation': 273.0, 'stick_down_eta': 184.00184528746323, 'strong_side_eta': 108.68061353806249}, 'status': 'ok'}","{'tid': 8, 'cmd': ('domain_attachment', 'FMinIter_Domain'), 'workdir': None, 'idxs': {'c_annual': [8], 'c_monthly': [8], 'starting_deviation': [8], 'stick_down_eta': [8], 'strong_side_eta': [8]}, 'vals': {'c_annual': [16.20299911421868], 'c_monthly': [41.88282185302633], 'starting_deviation': [273.0], 'stick_down_eta': [184.00184528746323], 'strong_side_eta': [108.68061353806249]}}",,,0,2022-09-17 05:53:35.867,2022-09-17 05:53:41.979,1.4397531742922023,ok,16.20299911421868,41.88282185302633,273.0,184.00184528746323,108.68061353806249
2,9,,"{'loss': 1.4304073783329836, 'params': {'c_annual': 19.053238239874638, 'c_monthly': 20.791054378972674, 'starting_deviation': 442.0, 'stick_down_eta': 140.12428892427317, 'strong_side_eta': 191.09559726198563}, 'status': 'ok'}","{'tid': 9, 'cmd': ('domain_attachment', 'FMinIter_Domain'), 'workdir': None, 'idxs': {'c_annual': [9], 'c_monthly': [9], 'starting_deviation': [9], 'stick_down_eta': [9], 'strong_side_eta': [9]}, 'vals': {'c_annual': [19.053238239874638], 'c_monthly': [20.791054378972674], 'starting_deviation': [442.0], 'stick_down_eta': [140.12428892427317], 'strong_side_eta': [191.09559726198563]}}",,,0,2022-09-17 05:53:41.985,2022-09-17 05:53:47.640,1.4304073783329836,ok,19.053238239874638,20.791054378972674,442.0,140.12428892427317,191.09559726198563
2,10,,"{'loss': 1.4431073312185567, 'params': {'c_annual': 28.93321681141924, 'c_monthly': 12.727712893202241, 'starting_deviation': 384.0, 'stick_down_eta': 163.56600393275028, 'strong_side_eta': 0.7260614509486452}, 'status': 'ok'}","{'tid': 10, 'cmd': ('domain_attachment', 'FMinIter_Domain'), 'workdir': None, 'idxs': {'c_annual': [10], 'c_monthly': [10], 'starting_deviation': [10], 'stick_down_eta': [10], 'strong_side_eta': [10]}, 'vals': {'c_annual': [28.93321681141924], 'c_monthly': [12.727712893202241], 'starting_deviation': [384.0], 'stick_down_eta': [163.56600393275028], 'strong_side_eta': [0.7260614509486452]}}",,,0,2022-09-17 05:53:47.647,2022-09-17 05:53:53.532,1.4431073312185567,ok,28.93321681141924,12.727712893202241,384.0,163.56600393275028,0.7260614509486452
2,11,,"{'loss': 1.423622041716803, 'params': {'c_annual': 18.16015479755677, 'c_monthly': 25.62798500451654, 'starting_deviation': 269.0, 'stick_down_eta': 71.69630451467282, 'strong_side_eta': 175.82717743960904}, 'status': 'ok'}","{'tid': 11, 'cmd': ('domain_attachment', 'FMinIter_Domain'), 'workdir': None, 'idxs': {'c_annual': [11], 'c_monthly': [11], 'starting_deviation': [11], 'stick_down_eta': [11], 'strong_side_eta': [11]}, 'vals': {'c_annual': [18.16015479755677], 'c_monthly': [25.62798500451654], 'starting_deviation': [269.0], 'stick_down_eta': [71.69630451467282], 'strong_side_eta': [175.82717743960904]}}",,,0,2022-09-17 05:53:53.539,2022-09-17 05:53:59.378,1.423622041716803,ok,18.16015479755677,25.62798500451654,269.0,71.69630451467282,175.82717743960904
2,12,,"{'loss': 1.4225223353018868, 'params': {'c_annual': 24.555510224082166, 'c_monthly': 15.424303164452208, 'starting_deviation': 482.0, 'stick_down_eta': 61.451632777747875, 'strong_side_eta': 176.29568352658822}, 'status': 'ok'}","{'tid': 12, 'cmd': ('domain_attachment', 'FMinIter_Domain'), 'workdir': None, 'idxs': {'c_annual': [12], 'c_monthly': [12], 'starting_deviation': [12], 'stick_down_eta': [12], 'strong_side_eta': [12]}, 'vals': {'c_annual': [24.555510224082166], 'c_monthly': [15.424303164452208], 'starting_deviation': [482.0], 'stick_down_eta': [61.451632777747875], 'strong_side_eta': [176.29568352658822]}}",,,0,2022-09-17 05:53:59.386,2022-09-17 05:54:05.676,1.4225223353018868,ok,24.555510224082166,15.424303164452208,482.0,61.451632777747875,176.29568352658822
2,13,,"{'loss': 1.4199946466242042, 'params': {'c_annual': 39.871940123676424, 'c_monthly': 18.74386436205178, 'starting_deviation': 433.0, 'stick_down_eta': 2.636607127570767, 'strong_side_eta': 105.42196154932142}, 'status': 'ok'}","{'tid': 13, 'cmd': ('domain_attachment', 'FMinIter_Domain'), 'workdir': None, 'idxs': {'c_annual': [13], 'c_monthly': [13], 'starting_deviation': [13], 'stick_down_eta': [13], 'strong_side_eta': [13]}, 'vals': {'c_annual': [39.871940123676424], 'c_monthly': [18.74386436205178], 'starting_deviation': [433.0], 'stick_down_eta': [2.636607127570767], 'strong_side_eta': [105.42196154932142]}}",,,0,2022-09-17 05:54:05.683,2022-09-17 05:54:11.771,1.4199946466242042,ok,39.871940123676424,18.74386436205178,433.0,2.636607127570767,105.42196154932142
2,14,,"{'loss': 1.4392544409430277, 'params': {'c_annual': 13.086840321308058, 'c_monthly': 24.653299013753795, 'starting_deviation': 157.0, 'stick_down_eta': 184.1963456731821, 'strong_side_eta': 127.40680628482531}, 'status': 'ok'}","{'tid': 14, 'cmd': ('domain_attachment', 'FMinIter_Domain'), 'workdir': None, 'idxs': {'c_annual': [14], 'c_monthly': [14], 'starting_deviation': [14], 'stick_down_eta': [14], 'strong_side_eta': [14]}, 'vals': {'c_annual': [13.086840321308058], 'c_monthly': [24.653299013753795], 'starting_deviation': [157.0], 'stick_down_eta': [184.1963456731821], 'strong_side_eta': [127.40680628482531]}}",,,0,2022-09-17 05:54:11.776,2022-09-17 05:54:17.633,1.4392544409430277,ok,13.086840321308058,24.653299013753795,157.0,184.1963456731821,127.40680628482531
2,15,,"{'loss': 1.4319288824065788, 'params': {'c_annual': 1.4442262525667215, 'c_monthly': 36.71879696934683, 'starting_deviation': 216.0, 'stick_down_eta': 128.00200031480495, 'strong_side_eta': 116.6738571283658}, 'status': 'ok'}","{'tid': 15, 'cmd': ('domain_attachment', 'FMinIter_Domain'), 'workdir': None, 'idxs': {'c_annual': [15], 'c_monthly': [15], 'starting_deviation': [15], 'stick_down_eta': [15], 'strong_side_eta': [15]}, 'vals': {'c_annual': [1.4442262525667215], 'c_monthly': [36.71879696934683], 'starting_deviation': [216.0], 'stick_down_eta': [128.00200031480495], 'strong_side_eta': [116.6738571283658]}}",,,0,2022-09-17 05:54:17.643,2022-09-17 05:54:23.534,1.4319288824065788,ok,1.4442262525667215,36.71879696934683,216.0,128.00200031480495,116.6738571283658
2,16,,"{'loss': 1.4216715843232957, 'params': {'c_annual': 6.257459057586817, 'c_monthly': 45.05118751441781, 'starting_deviation': 181.0, 'stick_down_eta': 24.940131854463065, 'strong_side_eta': 103.16642238607933}, 'status': 'ok'}","{'tid': 16, 'cmd': ('domain_attachment', 'FMinIter_Domain'), 'workdir': None, 'idxs': {'c_annual': [16], 'c_monthly': [16], 'starting_deviation': [16], 'stick_down_eta': [16], 'strong_side_eta': [16]}, 'vals': {'c_annual': [6.257459057586817], 'c_monthly': [45.05118751441781], 'starting_deviation': [181.0], 'stick_down_eta': [24.940131854463065], 'strong_side_eta': [103.16642238607933]}}",,,0,2022-09-17 05:54:23.541,2022-09-17 05:54:29.330,1.4216715843232957,ok,6.257459057586817,45.05118751441781,181.0,24.940131854463065,103.16642238607933
2,17,,"{'loss': 1.4319461119104344, 'params': {'c_annual': 34.55558039385863, 'c_monthly': 41.023046400274254, 'starting_deviation': 273.0, 'stick_down_eta': 136.20782493214278, 'strong_side_eta': 138.42209041425377}, 'status': 'ok'}","{'tid': 17, 'cmd': ('domain_attachment', 'FMinIter_Domain'), 'workdir': None, 'idxs': {'c_annual': [17], 'c_monthly': [17], 'starting_deviation': [17], 'stick_down_eta': [17], 'strong_side_eta': [17]}, 'vals': {'c_annual': [34.55558039385863], 'c_monthly': [41.023046400274254], 'starting_deviation': [273.0], 'stick_down_eta': [136.20782493214278], 'strong_side_eta': [138.42209041425377]}}",,,0,2022-09-17 05:54:29.337,2022-09-17 05:54:36.104,1.4319461119104344,ok,34.55558039385863,41.023046400274254,273.0,136.20782493214278,138.42209041425377
2,18,,"{'loss': 1.4359321029515617, 'params': {'c_annual': 47.08723155369876, 'c_monthly': 35.21416544929857, 'starting_deviation': 415.0, 'stick_down_eta': 138.93792687707642, 'strong_side_eta': 57.62768205629627}, 'status': 'ok'}","{'tid': 18, 'cmd': ('domain_attachment', 'FMinIter_Domain'), 'workdir': None, 'idxs': {'c_annual': [18], 'c_monthly': [18], 'starting_deviation': [18], 'stick_down_eta': [18], 'strong_side_eta': [18]}, 'vals': {'c_annual': [47.08723155369876], 'c_monthly': [35.21416544929857], 'starting_deviation': [415.0], 'stick_down_eta': [138.93792687707642], 'strong_side_eta': [57.62768205629627]}}",,,0,2022-09-17 05:54:36.111,2022-09-17 05:54:41.888,1.4359321029515617,ok,47.08723155369876,35.21416544929857,415.0,138.93792687707642,57.62768205629627
2,19,,"{'loss': 1.439386281054771, 'params': {'c_annual': 48.129393887688906, 'c_monthly': 1.0688642424017958, 'starting_deviation': 428.0, 'stick_down_eta': 175.02237969814092, 'strong_side_eta': 79.55717386638506}, 'status': 'ok'}","{'tid': 19, 'cmd': ('domain_attachment', 'FMinIter_Domain'), 'workdir': None, 'idxs': {'c_annual': [19], 'c_monthly': [19], 'starting_deviation': [19], 'stick_down_eta': [19], 'strong_side_eta': [19]}, 'vals': {'c_annual': [48.129393887688906], 'c_monthly': [1.0688642424017958], 'starting_deviation': [428.0], 'stick_down_eta': [175.02237969814092], 'strong_side_eta': [79.55717386638506]}}",,,0,2022-09-17 05:54:41.897,2022-09-17 05:54:47.828,1.439386281054771,ok,48.129393887688906,1.0688642424017958,428.0,175.02237969814092,79.55717386638506
2,20,,"{'loss': 1.4235675961806196, 'params': {'c_annual': 38.4600436423317, 'c_monthly': 30.431691467718984, 'starting_deviation': 347.0, 'stick_down_eta': 10.967239850714058, 'strong_side_eta': 41.95867631943454}, 'status': 'ok'}","{'tid': 20, 'cmd': ('domain_attachment', 'FMinIter_Domain'), 'workdir': None, 'idxs': {'c_annual': [20], 'c_monthly': [20], 'starting_deviation': [20], 'stick_down_eta': [20], 'strong_side_eta': [20]}, 'vals': {'c_annual': [38.4600436423317], 'c_monthly': [30.431691467718984], 'starting_deviation': [347.0], 'stick_down_eta': [10.967239850714058], 'strong_side_eta': [41.95867631943454]}}",,,0,2022-09-17 05:54:47.853,2022-09-17 05:54:53.685,1.4235675961806196,ok,38.4600436423317,30.431691467718984,347.0,10.967239850714058,41.95867631943454
2,21,,"{'loss': 1.4256317331095694, 'params': {'c_annual': 36.17037855191944, 'c_monthly': 4.360806316038772, 'starting_deviation': 347.0, 'stick_down_eta': 33.76769017739142, 'strong_side_eta': 30.51501434259349}, 'status': 'ok'}","{'tid': 21, 'cmd': ('domain_attachment', 'FMinIter_Domain'), 'workdir': None, 'idxs': {'c_annual': [21], 'c_monthly': [21], 'starting_deviation': [21], 'stick_down_eta': [21], 'strong_side_eta': [21]}, 'vals': {'c_annual': [36.17037855191944], 'c_monthly': [4.360806316038772], 'starting_deviation': [347.0], 'stick_down_eta': [33.76769017739142], 'strong_side_eta': [30.51501434259349]}}",,,0,2022-09-17 05:54:53.704,2022-09-17 05:54:59.536,1.4256317331095694,ok,36.17037855191944,4.360806316038772,347.0,33.76769017739142,30.51501434259349
2,22,,"{'loss': 1.4186492922902696, 'params': {'c_annual': 29.57906103161849, 'c_monthly': 30.282873533278803, 'starting_deviation': 344.0, 'stick_down_eta': 0.11844206699144566, 'strong_side_eta': 198.4406988485669}, 'status': 'ok'}","{'tid': 22, 'cmd': ('domain_attachment', 'FMinIter_Domain'), 'workdir': None, 'idxs': {'c_annual': [22], 'c_monthly': [22], 'starting_deviation': [22], 'stick_down_eta': [22], 'strong_side_eta': [22]}, 'vals': {'c_annual': [29.57906103161849], 'c_monthly': [30.282873533278803], 'starting_deviation': [344.0], 'stick_down_eta': [0.11844206699144566], 'strong_side_eta': [198.4406988485669]}}",,,0,2022-09-17 05:54:59.553,2022-09-17 05:55:05.355,1.4186492922902696,ok,29.57906103161849,30.282873533278803,344.0,0.11844206699144566,198.4406988485669
2,23,,"{'loss': 1.4257062322272858, 'params': {'c_annual': 40.80827861388292, 'c_monthly': 29.65369255080343, 'starting_deviation': 382.0, 'stick_down_eta': 1.4355232103588378, 'strong_side_eta': 2.822239547446898}, 'status': 'ok'}","{'tid': 23, 'cmd': ('domain_attachment', 'FMinIter_Domain'), 'workdir': None, 'idxs': {'c_annual': [23], 'c_monthly': [23], 'starting_deviation': [23], 'stick_down_eta': [23], 'strong_side_eta': [23]}, 'vals': {'c_annual': [40.80827861388292], 'c_monthly': [29.65369255080343], 'starting_deviation': [382.0], 'stick_down_eta': [1.4355232103588378], 'strong_side_eta': [2.822239547446898]}}",,,0,2022-09-17 05:55:05.374,2022-09-17 05:55:11.307,1.4257062322272858,ok,40.80827861388292,29.65369255080343,382.0,1.4355232103588378,2.822239547446898
2,24,,"{'loss': 1.4217414954298455, 'params': {'c_annual': 30.87322238372127, 'c_monthly': 30.161295335652625, 'starting_deviation': 494.0, 'stick_down_eta': 50.3695315647755, 'strong_side_eta': 197.64116280007906}, 'status': 'ok'}","{'tid': 24, 'cmd': ('domain_attachment', 'FMinIter_Domain'), 'workdir': None, 'idxs': {'c_annual': [24], 'c_monthly': [24], 'starting_deviation': [24], 'stick_down_eta': [24], 'strong_side_eta': [24]}, 'vals': {'c_annual': [30.87322238372127], 'c_monthly': [30.161295335652625], 'starting_deviation': [494.0], 'stick_down_eta': [50.3695315647755], 'strong_side_eta': [197.64116280007906]}}",,,0,2022-09-17 05:55:11.326,2022-09-17 05:55:17.365,1.4217414954298455,ok,30.87322238372127,30.161295335652625,494.0,50.3695315647755,197.64116280007906
2,25,,"{'loss': 1.433074309074249, 'params': {'c_annual': 21.065892709503075, 'c_monthly': 8.564917115838618, 'starting_deviation': 391.0, 'stick_down_eta': 114.07238744456089, 'strong_side_eta': 51.57687282155603}, 'status': 'ok'}","{'tid': 25, 'cmd': ('domain_attachment', 'FMinIter_Domain'), 'workdir': None, 'idxs': {'c_annual': [25], 'c_monthly': [25], 'starting_deviation': [25], 'stick_down_eta': [25], 'strong_side_eta': [25]}, 'vals': {'c_annual': [21.065892709503075], 'c_monthly': [8.564917115838618], 'starting_deviation': [391.0], 'stick_down_eta': [114.07238744456089], 'strong_side_eta': [51.57687282155603]}}",,,0,2022-09-17 05:55:17.391,2022-09-17 05:55:23.225,1.433074309074249,ok,21.065892709503075,8.564917115838618,391.0,114.07238744456089,51.57687282155603
2,26,,"{'loss': 1.4213485984414824, 'params': {'c_annual': 32.6025074043099, 'c_monthly': 20.581395176753244, 'starting_deviation': 323.0, 'stick_down_eta': 1.98062017968779, 'strong_side_eta': 69.17494980511341}, 'status': 'ok'}","{'tid': 26, 'cmd': ('domain_attachment', 'FMinIter_Domain'), 'workdir': None, 'idxs': {'c_annual': [26], 'c_monthly': [26], 'starting_deviation': [26], 'stick_down_eta': [26], 'strong_side_eta': [26]}, 'vals': {'c_annual': [32.6025074043099], 'c_monthly': [20.581395176753244], 'starting_deviation': [323.0], 'stick_down_eta': [1.98062017968779], 'strong_side_eta': [69.17494980511341]}}",,,0,2022-09-17 05:55:23.244,2022-09-17 05:55:29.142,1.4213485984414824,ok,32.6025074043099,20.581395176753244,323.0,1.98062017968779,69.17494980511341
2,27,,"{'loss': 1.4253009883182712, 'params': {'c_annual': 49.87638026993184, 'c_monthly': 26.641326402147516, 'starting_deviation': 459.0, 'stick_down_eta': 16.621357784880026, 'strong_side_eta': 21.313759868244617}, 'status': 'ok'}","{'tid': 27, 'cmd': ('domain_attachment', 'FMinIter_Domain'), 'workdir': None, 'idxs': {'c_annual': [27], 'c_monthly': [27], 'starting_deviation': [27], 'stick_down_eta': [27], 'strong_side_eta': [27]}, 'vals': {'c_annual': [49.87638026993184], 'c_monthly': [26.641326402147516], 'starting_deviation': [459.0], 'stick_down_eta': [16.621357784880026], 'strong_side_eta': [21.313759868244617]}}",,,0,2022-09-17 05:55:29.165,2022-09-17 05:55:34.983,1.4253009883182712,ok,49.87638026993184,26.641326402147516,459.0,16.621357784880026,21.313759868244617
2,28,,"{'loss': 1.4261835311096769, 'params': {'c_annual': 22.425217894333805, 'c_monthly': 33.065747814749145, 'starting_deviation': 407.0, 'stick_down_eta': 90.25154237425483, 'strong_side_eta': 146.97008096295644}, 'status': 'ok'}","{'tid': 28, 'cmd': ('domain_attachment', 'FMinIter_Domain'), 'workdir': None, 'idxs': {'c_annual': [28], 'c_monthly': [28], 'starting_deviation': [28], 'stick_down_eta': [28], 'strong_side_eta': [28]}, 'vals': {'c_annual': [22.425217894333805], 'c_monthly': [33.065747814749145], 'starting_deviation': [407.0], 'stick_down_eta': [90.25154237425483], 'strong_side_eta': [146.97008096295644]}}",,,0,2022-09-17 05:55:35.004,2022-09-17 05:55:40.772,1.4261835311096769,ok,22.425217894333805,33.065747814749145,407.0,90.25154237425483,146.97008096295644
2,29,,"{'loss': 1.4214934228749097, 'params': {'c_annual': 26.609378027652273, 'c_monthly': 19.479749642006052, 'starting_deviation': 500.0, 'stick_down_eta': 49.59450935235625, 'strong_side_eta': 193.0974945763073}, 'status': 'ok'}","{'tid': 29, 'cmd': ('domain_attachment', 'FMinIter_Domain'), 'workdir': None, 'idxs': {'c_annual': [29], 'c_monthly': [29], 'starting_deviation': [29], 'stick_down_eta': [29], 'strong_side_eta': [29]}, 'vals': {'c_annual': [26.609378027652273], 'c_monthly': [19.479749642006052], 'starting_deviation': [500.0], 'stick_down_eta': [49.59450935235625], 'strong_side_eta': [193.0974945763073]}}",,,0,2022-09-17 05:55:40.792,2022-09-17 05:55:46.799,1.4214934228749097,ok,26.609378027652273,19.479749642006052,500.0,49.59450935235625,193.0974945763073
2,30,,"{'loss': 1.4241938859147352, 'params': {'c_annual': 42.90505528874083, 'c_monthly': 17.769000473696053, 'starting_deviation': 363.0, 'stick_down_eta': 42.14918422494263, 'strong_side_eta': 70.00575029994052}, 'status': 'ok'}","{'tid': 30, 'cmd': ('domain_attachment', 'FMinIter_Domain'), 'workdir': None, 'idxs': {'c_annual': [30], 'c_monthly': [30], 'starting_deviation': [30], 'stick_down_eta': [30], 'strong_side_eta': [30]}, 'vals': {'c_annual': [42.90505528874083], 'c_monthly': [17.769000473696053], 'starting_deviation': [363.0], 'stick_down_eta': [42.14918422494263], 'strong_side_eta': [70.00575029994052]}}",,,0,2022-09-17 05:55:46.820,2022-09-17 05:55:52.531,1.4241938859147352,ok,42.90505528874083,17.769000473696053,363.0,42.14918422494263,70.00575029994052
2,31,,"{'loss': 1.42559539576729, 'params': {'c_annual': 36.32864178295075, 'c_monthly': 12.792725187050582, 'starting_deviation': 454.0, 'stick_down_eta': 70.46889613499415, 'strong_side_eta': 95.48216339053543}, 'status': 'ok'}","{'tid': 31, 'cmd': ('domain_attachment', 'FMinIter_Domain'), 'workdir': None, 'idxs': {'c_annual': [31], 'c_monthly': [31], 'starting_deviation': [31], 'stick_down_eta': [31], 'strong_side_eta': [31]}, 'vals': {'c_annual': [36.32864178295075], 'c_monthly': [12.792725187050582], 'starting_deviation': [454.0], 'stick_down_eta': [70.46889613499415], 'strong_side_eta': [95.48216339053543]}}",,,0,2022-09-17 05:55:52.552,2022-09-17 05:55:58.244,1.42559539576729,ok,36.32864178295075,12.792725187050582,454.0,70.46889613499415,95.48216339053543
2,32,,"{'loss': 1.418628761081627, 'params': {'c_annual': 43.420559997700344, 'c_monthly': 27.546896063782995, 'starting_deviation': 240.0, 'stick_down_eta': 0.5924466773314494, 'strong_side_eta': 183.31547435005967}, 'status': 'ok'}","{'tid': 32, 'cmd': ('domain_attachment', 'FMinIter_Domain'), 'workdir': None, 'idxs': {'c_annual': [32], 'c_monthly': [32], 'starting_deviation': [32], 'stick_down_eta': [32], 'strong_side_eta': [32]}, 'vals': {'c_annual': [43.420559997700344], 'c_monthly': [27.546896063782995], 'starting_deviation': [240.0], 'stick_down_eta': [0.5924466773314494], 'strong_side_eta': [183.31547435005967]}}",,,0,2022-09-17 05:55:58.274,2022-09-17 05:56:04.136,1.418628761081627,ok,43.420559997700344,27.546896063782995,240.0,0.5924466773314494,183.31547435005967
2,33,,"{'loss': 1.4197022385796756, 'params': {'c_annual': 12.479950459194068, 'c_monthly': 23.95878176513539, 'starting_deviation': 67.0, 'stick_down_eta': 19.998805327809112, 'strong_side_eta': 181.23938461445664}, 'status': 'ok'}","{'tid': 33, 'cmd': ('domain_attachment', 'FMinIter_Domain'), 'workdir': None, 'idxs': {'c_annual': [33], 'c_monthly': [33], 'starting_deviation': [33], 'stick_down_eta': [33], 'strong_side_eta': [33]}, 'vals': {'c_annual': [12.479950459194068], 'c_monthly': [23.95878176513539], 'starting_deviation': [67.0], 'stick_down_eta': [19.998805327809112], 'strong_side_eta': [181.23938461445664]}}",,,0,2022-09-17 05:56:04.165,2022-09-17 05:56:10.001,1.4197022385796756,ok,12.479950459194068,23.95878176513539,67.0,19.998805327809112,181.23938461445664
2,34,,"{'loss': 1.4270895869120277, 'params': {'c_annual': 44.0895274102545, 'c_monthly': 38.49549645458258, 'starting_deviation': 242.0, 'stick_down_eta': 100.44459230151038, 'strong_side_eta': 157.75124112044642}, 'status': 'ok'}","{'tid': 34, 'cmd': ('domain_attachment', 'FMinIter_Domain'), 'workdir': None, 'idxs': {'c_annual': [34], 'c_monthly': [34], 'starting_deviation': [34], 'stick_down_eta': [34], 'strong_side_eta': [34]}, 'vals': {'c_annual': [44.0895274102545], 'c_monthly': [38.49549645458258], 'starting_deviation': [242.0], 'stick_down_eta': [100.44459230151038], 'strong_side_eta': [157.75124112044642]}}",,,0,2022-09-17 05:56:10.020,2022-09-17 05:56:15.804,1.4270895869120277,ok,44.0895274102545,38.49549645458258,242.0,100.44459230151038,157.75124112044642
2,35,,"{'loss': 1.4202707796424863, 'params': {'c_annual': 27.918654579009914, 'c_monthly': 32.55324305730562, 'starting_deviation': 308.0, 'stick_down_eta': 29.654401352737086, 'strong_side_eta': 198.4850809153552}, 'status': 'ok'}","{'tid': 35, 'cmd': ('domain_attachment', 'FMinIter_Domain'), 'workdir': None, 'idxs': {'c_annual': [35], 'c_monthly': [35], 'starting_deviation': [35], 'stick_down_eta': [35], 'strong_side_eta': [35]}, 'vals': {'c_annual': [27.918654579009914], 'c_monthly': [32.55324305730562], 'starting_deviation': [308.0], 'stick_down_eta': [29.654401352737086], 'strong_side_eta': [198.4850809153552]}}",,,0,2022-09-17 05:56:15.827,2022-09-17 05:56:22.742,1.4202707796424863,ok,27.918654579009914,32.55324305730562,308.0,29.654401352737086,198.4850809153552
2,36,,"{'loss': 1.4192334230195411, 'params': {'c_annual': 32.21444476329426, 'c_monthly': 47.176137989514416, 'starting_deviation': 122.0, 'stick_down_eta': 8.143053614657209, 'strong_side_eta': 185.12786445027703}, 'status': 'ok'}","{'tid': 36, 'cmd': ('domain_attachment', 'FMinIter_Domain'), 'workdir': None, 'idxs': {'c_annual': [36], 'c_monthly': [36], 'starting_deviation': [36], 'stick_down_eta': [36], 'strong_side_eta': [36]}, 'vals': {'c_annual': [32.21444476329426], 'c_monthly': [47.176137989514416], 'starting_deviation': [122.0], 'stick_down_eta': [8.143053614657209], 'strong_side_eta': [185.12786445027703]}}",,,0,2022-09-17 05:56:22.765,2022-09-17 05:56:28.815,1.4192334230195411,ok,32.21444476329426,47.176137989514416,122.0,8.143053614657209,185.12786445027703
2,37,,"{'loss': 1.4232068971044518, 'params': {'c_annual': 46.38477404738022, 'c_monthly': 27.893549423150308, 'starting_deviation': 247.0, 'stick_down_eta': 65.01215226918289, 'strong_side_eta': 168.11759907782314}, 'status': 'ok'}","{'tid': 37, 'cmd': ('domain_attachment', 'FMinIter_Domain'), 'workdir': None, 'idxs': {'c_annual': [37], 'c_monthly': [37], 'starting_deviation': [37], 'stick_down_eta': [37], 'strong_side_eta': [37]}, 'vals': {'c_annual': [46.38477404738022], 'c_monthly': [27.893549423150308], 'starting_deviation': [247.0], 'stick_down_eta': [65.01215226918289], 'strong_side_eta': [168.11759907782314]}}",,,0,2022-09-17 05:56:28.836,2022-09-17 05:56:34.648,1.4232068971044518,ok,46.38477404738022,27.893549423150308,247.0,65.01215226918289,168.11759907782314
2,38,,"{'loss': 1.421784294496125, 'params': {'c_annual': 49.71850242963864, 'c_monthly': 33.41789496206518, 'starting_deviation': 305.0, 'stick_down_eta': 42.69788876025663, 'strong_side_eta': 149.52855078718463}, 'status': 'ok'}","{'tid': 38, 'cmd': ('domain_attachment', 'FMinIter_Domain'), 'workdir': None, 'idxs': {'c_annual': [38], 'c_monthly': [38], 'starting_deviation': [38], 'stick_down_eta': [38], 'strong_side_eta': [38]}, 'vals': {'c_annual': [49.71850242963864], 'c_monthly': [33.41789496206518], 'starting_deviation': [305.0], 'stick_down_eta': [42.69788876025663], 'strong_side_eta': [149.52855078718463]}}",,,0,2022-09-17 05:56:34.670,2022-09-17 05:56:40.456,1.421784294496125,ok,49.71850242963864,33.41789496206518,305.0,42.69788876025663,149.52855078718463
2,39,,"{'loss': 1.4260220367071577, 'params': {'c_annual': 0.11322119193211932, 'c_monthly': 23.617304400754335, 'starting_deviation': 156.0, 'stick_down_eta': 85.703599054646, 'strong_side_eta': 136.79941244342663}, 'status': 'ok'}","{'tid': 39, 'cmd': ('domain_attachment', 'FMinIter_Domain'), 'workdir': None, 'idxs': {'c_annual': [39], 'c_monthly': [39], 'starting_deviation': [39], 'stick_down_eta': [39], 'strong_side_eta': [39]}, 'vals': {'c_annual': [0.11322119193211932], 'c_monthly': [23.617304400754335], 'starting_deviation': [156.0], 'stick_down_eta': [85.703599054646], 'strong_side_eta': [136.79941244342663]}}",,,0,2022-09-17 05:56:40.478,2022-09-17 05:56:46.351,1.4260220367071577,ok,0.11322119193211932,23.617304400754335,156.0,85.703599054646,136.79941244342663
2,40,,"{'loss': 1.428917459462345, 'params': {'c_annual': 37.382314431637575, 'c_monthly': 49.589038944488486, 'starting_deviation': 244.0, 'stick_down_eta': 118.68857335819419, 'strong_side_eta': 169.51691105116674}, 'status': 'ok'}","{'tid': 40, 'cmd': ('domain_attachment', 'FMinIter_Domain'), 'workdir': None, 'idxs': {'c_annual': [40], 'c_monthly': [40], 'starting_deviation': [40], 'stick_down_eta': [40], 'strong_side_eta': [40]}, 'vals': {'c_annual': [37.382314431637575], 'c_monthly': [49.589038944488486], 'starting_deviation': [244.0], 'stick_down_eta': [118.68857335819419], 'strong_side_eta': [169.51691105116674]}}",,,0,2022-09-17 05:56:46.382,2022-09-17 05:56:52.161,1.428917459462345,ok,37.382314431637575,49.589038944488486,244.0,118.68857335819419,169.51691105116674
2,41,,"{'loss': 1.4385115376728406, 'params': {'c_annual': 42.24269477246918, 'c_monthly': 38.86132610112861, 'starting_deviation': 92.0, 'stick_down_eta': 196.1109223136791, 'strong_side_eta': 185.33438415458292}, 'status': 'ok'}","{'tid': 41, 'cmd': ('domain_attachment', 'FMinIter_Domain'), 'workdir': None, 'idxs': {'c_annual': [41], 'c_monthly': [41], 'starting_deviation': [41], 'stick_down_eta': [41], 'strong_side_eta': [41]}, 'vals': {'c_annual': [42.24269477246918], 'c_monthly': [38.86132610112861], 'starting_deviation': [92.0], 'stick_down_eta': [196.1109223136791], 'strong_side_eta': [185.33438415458292]}}",,,0,2022-09-17 05:56:52.182,2022-09-17 05:56:58.190,1.4385115376728406,ok,42.24269477246918,38.86132610112861,92.0,196.1109223136791,185.33438415458292
2,42,,"{'loss': 1.4228559053075531, 'params': {'c_annual': 23.59116254569848, 'c_monthly': 15.490188619162517, 'starting_deviation': 204.0, 'stick_down_eta': 54.83756134913925, 'strong_side_eta': 132.03105300443127}, 'status': 'ok'}","{'tid': 42, 'cmd': ('domain_attachment', 'FMinIter_Domain'), 'workdir': None, 'idxs': {'c_annual': [42], 'c_monthly': [42], 'starting_deviation': [42], 'stick_down_eta': [42], 'strong_side_eta': [42]}, 'vals': {'c_annual': [23.59116254569848], 'c_monthly': [15.490188619162517], 'starting_deviation': [204.0], 'stick_down_eta': [54.83756134913925], 'strong_side_eta': [132.03105300443127]}}",,,0,2022-09-17 05:56:58.216,2022-09-17 05:57:04.154,1.4228559053075531,ok,23.59116254569848,15.490188619162517,204.0,54.83756134913925,132.03105300443127
2,43,,"{'loss': 1.4245624216229849, 'params': {'c_annual': 34.72854778367913, 'c_monthly': 22.36337213422679, 'starting_deviation': 328.0, 'stick_down_eta': 78.35527907598477, 'strong_side_eta': 156.8957471771216}, 'status': 'ok'}","{'tid': 43, 'cmd': ('domain_attachment', 'FMinIter_Domain'), 'workdir': None, 'idxs': {'c_annual': [43], 'c_monthly': [43], 'starting_deviation': [43], 'stick_down_eta': [43], 'strong_side_eta': [43]}, 'vals': {'c_annual': [34.72854778367913], 'c_monthly': [22.36337213422679], 'starting_deviation': [328.0], 'stick_down_eta': [78.35527907598477], 'strong_side_eta': [156.8957471771216]}}",,,0,2022-09-17 05:57:04.175,2022-09-17 05:57:10.204,1.4245624216229849,ok,34.72854778367913,22.36337213422679,328.0,78.35527907598477,156.8957471771216
2,44,,"{'loss': 1.4321522228166532, 'params': {'c_annual': 15.37870638088327, 'c_monthly': 28.367482240448695, 'starting_deviation': 177.0, 'stick_down_eta': 152.5329400908759, 'strong_side_eta': 198.86549932344127}, 'status': 'ok'}","{'tid': 44, 'cmd': ('domain_attachment', 'FMinIter_Domain'), 'workdir': None, 'idxs': {'c_annual': [44], 'c_monthly': [44], 'starting_deviation': [44], 'stick_down_eta': [44], 'strong_side_eta': [44]}, 'vals': {'c_annual': [15.37870638088327], 'c_monthly': [28.367482240448695], 'starting_deviation': [177.0], 'stick_down_eta': [152.5329400908759], 'strong_side_eta': [198.86549932344127]}}",,,0,2022-09-17 05:57:10.223,2022-09-17 05:57:16.126,1.4321522228166532,ok,15.37870638088327,28.367482240448695,177.0,152.5329400908759,198.86549932344127
2,45,,"{'loss': 1.420502545915681, 'params': {'c_annual': 19.359510610135544, 'c_monthly': 31.68882409335299, 'starting_deviation': 287.0, 'stick_down_eta': 13.964623398283836, 'strong_side_eta': 112.84010155321359}, 'status': 'ok'}","{'tid': 45, 'cmd': ('domain_attachment', 'FMinIter_Domain'), 'workdir': None, 'idxs': {'c_annual': [45], 'c_monthly': [45], 'starting_deviation': [45], 'stick_down_eta': [45], 'strong_side_eta': [45]}, 'vals': {'c_annual': [19.359510610135544], 'c_monthly': [31.68882409335299], 'starting_deviation': [287.0], 'stick_down_eta': [13.964623398283836], 'strong_side_eta': [112.84010155321359]}}",,,0,2022-09-17 05:57:16.147,2022-09-17 05:57:22.053,1.420502545915681,ok,19.359510610135544,31.68882409335299,287.0,13.964623398283836,112.84010155321359
2,46,,"{'loss': 1.4210217359763708, 'params': {'c_annual': 6.424869746189593, 'c_monthly': 42.742919107476006, 'starting_deviation': 221.0, 'stick_down_eta': 24.533732815248772, 'strong_side_eta': 123.31503512657684}, 'status': 'ok'}","{'tid': 46, 'cmd': ('domain_attachment', 'FMinIter_Domain'), 'workdir': None, 'idxs': {'c_annual': [46], 'c_monthly': [46], 'starting_deviation': [46], 'stick_down_eta': [46], 'strong_side_eta': [46]}, 'vals': {'c_annual': [6.424869746189593], 'c_monthly': [42.742919107476006], 'starting_deviation': [221.0], 'stick_down_eta': [24.533732815248772], 'strong_side_eta': [123.31503512657684]}}",,,0,2022-09-17 05:57:22.075,2022-09-17 05:57:27.994,1.4210217359763708,ok,6.424869746189593,42.742919107476006,221.0,24.533732815248772,123.31503512657684
2,47,,"{'loss': 1.4211946235048674, 'params': {'c_annual': 29.74227475687791, 'c_monthly': 35.190156648129104, 'starting_deviation': 140.0, 'stick_down_eta': 40.07345624285506, 'strong_side_eta': 174.63557899780824}, 'status': 'ok'}","{'tid': 47, 'cmd': ('domain_attachment', 'FMinIter_Domain'), 'workdir': None, 'idxs': {'c_annual': [47], 'c_monthly': [47], 'starting_deviation': [47], 'stick_down_eta': [47], 'strong_side_eta': [47]}, 'vals': {'c_annual': [29.74227475687791], 'c_monthly': [35.190156648129104], 'starting_deviation': [140.0], 'stick_down_eta': [40.07345624285506], 'strong_side_eta': [174.63557899780824]}}",,,0,2022-09-17 05:57:28.016,2022-09-17 05:57:33.960,1.4211946235048674,ok,29.74227475687791,35.190156648129104,140.0,40.07345624285506,174.63557899780824
2,48,,"{'loss': 1.4204074905926336, 'params': {'c_annual': 39.55241338762069, 'c_monthly': 8.880527284921204, 'starting_deviation': 295.0, 'stick_down_eta': 0.18607346684160048, 'strong_side_eta': 83.66011180208362}, 'status': 'ok'}","{'tid': 48, 'cmd': ('domain_attachment', 'FMinIter_Domain'), 'workdir': None, 'idxs': {'c_annual': [48], 'c_monthly': [48], 'starting_deviation': [48], 'stick_down_eta': [48], 'strong_side_eta': [48]}, 'vals': {'c_annual': [39.55241338762069], 'c_monthly': [8.880527284921204], 'starting_deviation': [295.0], 'stick_down_eta': [0.18607346684160048], 'strong_side_eta': [83.66011180208362]}}",,,0,2022-09-17 05:57:33.982,2022-09-17 05:57:39.894,1.4204074905926336,ok,39.55241338762069,8.880527284921204,295.0,0.18607346684160048,83.66011180208362
2,49,,"{'loss': 1.427277669846189, 'params': {'c_annual': 26.276732413947954, 'c_monthly': 45.69987047318546, 'starting_deviation': 257.0, 'stick_down_eta': 102.66185304144106, 'strong_side_eta': 163.2672063881792}, 'status': 'ok'}","{'tid': 49, 'cmd': ('domain_attachment', 'FMinIter_Domain'), 'workdir': None, 'idxs': {'c_annual': [49], 'c_monthly': [49], 'starting_deviation': [49], 'stick_down_eta': [49], 'strong_side_eta': [49]}, 'vals': {'c_annual': [26.276732413947954], 'c_monthly': [45.69987047318546], 'starting_deviation': [257.0], 'stick_down_eta': [102.66185304144106], 'strong_side_eta': [163.2672063881792]}}",,,0,2022-09-17 05:57:39.915,2022-09-17 05:57:45.556,1.427277669846189,ok,26.276732413947954,45.69987047318546,257.0,102.66185304144106,163.2672063881792
2,50,,"{'loss': 1.4226507112955429, 'params': {'c_annual': 45.337424739675185, 'c_monthly': 13.283039379808873, 'starting_deviation': 357.0, 'stick_down_eta': 58.74572566513336, 'strong_side_eta': 154.02920564468423}, 'status': 'ok'}","{'tid': 50, 'cmd': ('domain_attachment', 'FMinIter_Domain'), 'workdir': None, 'idxs': {'c_annual': [50], 'c_monthly': [50], 'starting_deviation': [50], 'stick_down_eta': [50], 'strong_side_eta': [50]}, 'vals': {'c_annual': [45.337424739675185], 'c_monthly': [13.283039379808873], 'starting_deviation': [357.0], 'stick_down_eta': [58.74572566513336], 'strong_side_eta': [154.02920564468423]}}",,,0,2022-09-17 05:57:45.577,2022-09-17 05:57:51.480,1.4226507112955429,ok,45.337424739675185,13.283039379808873,357.0,58.74572566513336,154.02920564468423
2,51,,"{'loss': 1.4192582654036923, 'params': {'c_annual': 48.31257345094353, 'c_monthly': 17.24388504356525, 'starting_deviation': 223.0, 'stick_down_eta': 8.154190271539793, 'strong_side_eta': 143.89829362627256}, 'status': 'ok'}","{'tid': 51, 'cmd': ('domain_attachment', 'FMinIter_Domain'), 'workdir': None, 'idxs': {'c_annual': [51], 'c_monthly': [51], 'starting_deviation': [51], 'stick_down_eta': [51], 'strong_side_eta': [51]}, 'vals': {'c_annual': [48.31257345094353], 'c_monthly': [17.24388504356525], 'starting_deviation': [223.0], 'stick_down_eta': [8.154190271539793], 'strong_side_eta': [143.89829362627256]}}",,,0,2022-09-17 05:57:51.502,2022-09-17 05:57:57.435,1.4192582654036923,ok,48.31257345094353,17.24388504356525,223.0,8.154190271539793,143.89829362627256
2,52,,"{'loss': 1.4204393993319, 'params': {'c_annual': 9.972650292067975, 'c_monthly': 25.67283056638607, 'starting_deviation': 108.0, 'stick_down_eta': 33.062567276697806, 'strong_side_eta': 190.26740354877637}, 'status': 'ok'}","{'tid': 52, 'cmd': ('domain_attachment', 'FMinIter_Domain'), 'workdir': None, 'idxs': {'c_annual': [52], 'c_monthly': [52], 'starting_deviation': [52], 'stick_down_eta': [52], 'strong_side_eta': [52]}, 'vals': {'c_annual': [9.972650292067975], 'c_monthly': [25.67283056638607], 'starting_deviation': [108.0], 'stick_down_eta': [33.062567276697806], 'strong_side_eta': [190.26740354877637]}}",,,0,2022-09-17 05:57:57.458,2022-09-17 05:58:03.442,1.4204393993319,ok,9.972650292067975,25.67283056638607,108.0,33.062567276697806,190.26740354877637
2,53,,"{'loss': 1.4302797313441338, 'params': {'c_annual': 41.06395900242937, 'c_monthly': 6.0158673141361625, 'starting_deviation': 192.0, 'stick_down_eta': 110.26433546044994, 'strong_side_eta': 97.24187538509973}, 'status': 'ok'}","{'tid': 53, 'cmd': ('domain_attachment', 'FMinIter_Domain'), 'workdir': None, 'idxs': {'c_annual': [53], 'c_monthly': [53], 'starting_deviation': [53], 'stick_down_eta': [53], 'strong_side_eta': [53]}, 'vals': {'c_annual': [41.06395900242937], 'c_monthly': [6.0158673141361625], 'starting_deviation': [192.0], 'stick_down_eta': [110.26433546044994], 'strong_side_eta': [97.24187538509973]}}",,,0,2022-09-17 05:58:03.476,2022-09-17 05:58:10.224,1.4302797313441338,ok,41.06395900242937,6.0158673141361625,192.0,110.26433546044994,97.24187538509973
2,54,,"{'loss': 1.425863099066402, 'params': {'c_annual': 16.426669957938334, 'c_monthly': 36.65420444425877, 'starting_deviation': 328.0, 'stick_down_eta': 79.24616150619043, 'strong_side_eta': 121.55740001484298}, 'status': 'ok'}","{'tid': 54, 'cmd': ('domain_attachment', 'FMinIter_Domain'), 'workdir': None, 'idxs': {'c_annual': [54], 'c_monthly': [54], 'starting_deviation': [54], 'stick_down_eta': [54], 'strong_side_eta': [54]}, 'vals': {'c_annual': [16.426669957938334], 'c_monthly': [36.65420444425877], 'starting_deviation': [328.0], 'stick_down_eta': [79.24616150619043], 'strong_side_eta': [121.55740001484298]}}",,,0,2022-09-17 05:58:10.254,2022-09-17 05:58:16.313,1.425863099066402,ok,16.426669957938334,36.65420444425877,328.0,79.24616150619043,121.55740001484298
2,55,,"{'loss': 1.4343702984292104, 'params': {'c_annual': 33.79716860271064, 'c_monthly': 39.781752683165216, 'starting_deviation': 164.0, 'stick_down_eta': 164.69814015607233, 'strong_side_eta': 178.17797090731017}, 'status': 'ok'}","{'tid': 55, 'cmd': ('domain_attachment', 'FMinIter_Domain'), 'workdir': None, 'idxs': {'c_annual': [55], 'c_monthly': [55], 'starting_deviation': [55], 'stick_down_eta': [55], 'strong_side_eta': [55]}, 'vals': {'c_annual': [33.79716860271064], 'c_monthly': [39.781752683165216], 'starting_deviation': [164.0], 'stick_down_eta': [164.69814015607233], 'strong_side_eta': [178.17797090731017]}}",,,0,2022-09-17 05:58:16.335,2022-09-17 05:58:21.876,1.4343702984292104,ok,33.79716860271064,39.781752683165216,164.0,164.69814015607233,178.17797090731017
2,56,,"{'loss': 1.4203455361204336, 'params': {'c_annual': 30.93445617524212, 'c_monthly': 26.994597970404726, 'starting_deviation': 377.0, 'stick_down_eta': 22.15110130905405, 'strong_side_eta': 140.76930268984978}, 'status': 'ok'}","{'tid': 56, 'cmd': ('domain_attachment', 'FMinIter_Domain'), 'workdir': None, 'idxs': {'c_annual': [56], 'c_monthly': [56], 'starting_deviation': [56], 'stick_down_eta': [56], 'strong_side_eta': [56]}, 'vals': {'c_annual': [30.93445617524212], 'c_monthly': [26.994597970404726], 'starting_deviation': [377.0], 'stick_down_eta': [22.15110130905405], 'strong_side_eta': [140.76930268984978]}}",,,0,2022-09-17 05:58:21.898,2022-09-17 05:58:27.739,1.4203455361204336,ok,30.93445617524212,26.994597970404726,377.0,22.15110130905405,140.76930268984978
2,57,,"{'loss': 1.4305677717224339, 'params': {'c_annual': 21.847083142599164, 'c_monthly': 21.860400898587443, 'starting_deviation': 407.0, 'stick_down_eta': 124.54026668588482, 'strong_side_eta': 129.4402273581273}, 'status': 'ok'}","{'tid': 57, 'cmd': ('domain_attachment', 'FMinIter_Domain'), 'workdir': None, 'idxs': {'c_annual': [57], 'c_monthly': [57], 'starting_deviation': [57], 'stick_down_eta': [57], 'strong_side_eta': [57]}, 'vals': {'c_annual': [21.847083142599164], 'c_monthly': [21.860400898587443], 'starting_deviation': [407.0], 'stick_down_eta': [124.54026668588482], 'strong_side_eta': [129.4402273581273]}}",,,0,2022-09-17 05:58:27.762,2022-09-17 05:58:33.599,1.4305677717224339,ok,21.847083142599164,21.860400898587443,407.0,124.54026668588482,129.4402273581273
2,58,,"{'loss': 1.443508537284375, 'params': {'c_annual': 38.29221586933541, 'c_monthly': 1.020114477276607, 'starting_deviation': 480.0, 'stick_down_eta': 172.5861776853876, 'strong_side_eta': 8.993791261113415}, 'status': 'ok'}","{'tid': 58, 'cmd': ('domain_attachment', 'FMinIter_Domain'), 'workdir': None, 'idxs': {'c_annual': [58], 'c_monthly': [58], 'starting_deviation': [58], 'stick_down_eta': [58], 'strong_side_eta': [58]}, 'vals': {'c_annual': [38.29221586933541], 'c_monthly': [1.020114477276607], 'starting_deviation': [480.0], 'stick_down_eta': [172.5861776853876], 'strong_side_eta': [8.993791261113415]}}",,,0,2022-09-17 05:58:33.621,2022-09-17 05:58:39.392,1.443508537284375,ok,38.29221586933541,1.020114477276607,480.0,172.5861776853876,8.993791261113415
2,59,,"{'loss': 1.4213718000814892, 'params': {'c_annual': 24.669157178856995, 'c_monthly': 11.304263100554643, 'starting_deviation': 272.0, 'stick_down_eta': 48.27667948926944, 'strong_side_eta': 172.26680497845146}, 'status': 'ok'}","{'tid': 59, 'cmd': ('domain_attachment', 'FMinIter_Domain'), 'workdir': None, 'idxs': {'c_annual': [59], 'c_monthly': [59], 'starting_deviation': [59], 'stick_down_eta': [59], 'strong_side_eta': [59]}, 'vals': {'c_annual': [24.669157178856995], 'c_monthly': [11.304263100554643], 'starting_deviation': [272.0], 'stick_down_eta': [48.27667948926944], 'strong_side_eta': [172.26680497845146]}}",,,0,2022-09-17 05:58:39.414,2022-09-17 05:58:45.334,1.4213718000814892,ok,24.669157178856995,11.304263100554643,272.0,48.27667948926944,172.26680497845146
2,60,,"{'loss': 1.4392005591666803, 'params': {'c_annual': 28.30350882429388, 'c_monthly': 31.24719724586341, 'starting_deviation': 53.0, 'stick_down_eta': 198.2627921555174, 'strong_side_eta': 190.1111254740361}, 'status': 'ok'}","{'tid': 60, 'cmd': ('domain_attachment', 'FMinIter_Domain'), 'workdir': None, 'idxs': {'c_annual': [60], 'c_monthly': [60], 'starting_deviation': [60], 'stick_down_eta': [60], 'strong_side_eta': [60]}, 'vals': {'c_annual': [28.30350882429388], 'c_monthly': [31.24719724586341], 'starting_deviation': [53.0], 'stick_down_eta': [198.2627921555174], 'strong_side_eta': [190.1111254740361]}}",,,0,2022-09-17 05:58:45.356,2022-09-17 05:58:51.054,1.4392005591666803,ok,28.30350882429388,31.24719724586341,53.0,198.2627921555174,190.1111254740361
2,61,,"{'loss': 1.4200619703046138, 'params': {'c_annual': 19.98941447206709, 'c_monthly': 28.89159494827124, 'starting_deviation': 343.0, 'stick_down_eta': 27.383665200597406, 'strong_side_eta': 199.808092927851}, 'status': 'ok'}","{'tid': 61, 'cmd': ('domain_attachment', 'FMinIter_Domain'), 'workdir': None, 'idxs': {'c_annual': [61], 'c_monthly': [61], 'starting_deviation': [61], 'stick_down_eta': [61], 'strong_side_eta': [61]}, 'vals': {'c_annual': [19.98941447206709], 'c_monthly': [28.89159494827124], 'starting_deviation': [343.0], 'stick_down_eta': [27.383665200597406], 'strong_side_eta': [199.808092927851]}}",,,0,2022-09-17 05:58:51.077,2022-09-17 05:58:56.949,1.4200619703046138,ok,19.98941447206709,28.89159494827124,343.0,27.383665200597406,199.808092927851
2,62,,"{'loss': 1.4250113671247024, 'params': {'c_annual': 44.9896473965247, 'c_monthly': 34.31152944019823, 'starting_deviation': 438.0, 'stick_down_eta': 65.79479210351431, 'strong_side_eta': 107.01935987990151}, 'status': 'ok'}","{'tid': 62, 'cmd': ('domain_attachment', 'FMinIter_Domain'), 'workdir': None, 'idxs': {'c_annual': [62], 'c_monthly': [62], 'starting_deviation': [62], 'stick_down_eta': [62], 'strong_side_eta': [62]}, 'vals': {'c_annual': [44.9896473965247], 'c_monthly': [34.31152944019823], 'starting_deviation': [438.0], 'stick_down_eta': [65.79479210351431], 'strong_side_eta': [107.01935987990151]}}",,,0,2022-09-17 05:58:56.973,2022-09-17 05:59:02.675,1.4250113671247024,ok,44.9896473965247,34.31152944019823,438.0,65.79479210351431,107.01935987990151
2,63,,"{'loss': 1.4236627895217673, 'params': {'c_annual': 17.51184561922384, 'c_monthly': 44.36318483448787, 'starting_deviation': 231.0, 'stick_down_eta': 7.519015435139501, 'strong_side_eta': 37.67645961989325}, 'status': 'ok'}","{'tid': 63, 'cmd': ('domain_attachment', 'FMinIter_Domain'), 'workdir': None, 'idxs': {'c_annual': [63], 'c_monthly': [63], 'starting_deviation': [63], 'stick_down_eta': [63], 'strong_side_eta': [63]}, 'vals': {'c_annual': [17.51184561922384], 'c_monthly': [44.36318483448787], 'starting_deviation': [231.0], 'stick_down_eta': [7.519015435139501], 'strong_side_eta': [37.67645961989325]}}",,,0,2022-09-17 05:59:02.697,2022-09-17 05:59:08.481,1.4236627895217673,ok,17.51184561922384,44.36318483448787,231.0,7.519015435139501,37.67645961989325
2,64,,"{'loss': 1.4228172003474497, 'params': {'c_annual': 35.80815061426365, 'c_monthly': 20.25764851539304, 'starting_deviation': 260.0, 'stick_down_eta': 37.06358348872896, 'strong_side_eta': 90.84175320629899}, 'status': 'ok'}","{'tid': 64, 'cmd': ('domain_attachment', 'FMinIter_Domain'), 'workdir': None, 'idxs': {'c_annual': [64], 'c_monthly': [64], 'starting_deviation': [64], 'stick_down_eta': [64], 'strong_side_eta': [64]}, 'vals': {'c_annual': [35.80815061426365], 'c_monthly': [20.25764851539304], 'starting_deviation': [260.0], 'stick_down_eta': [37.06358348872896], 'strong_side_eta': [90.84175320629899]}}",,,0,2022-09-17 05:59:08.503,2022-09-17 05:59:14.437,1.4228172003474497,ok,35.80815061426365,20.25764851539304,260.0,37.06358348872896,90.84175320629899
2,65,,"{'loss': 1.4197235019222496, 'params': {'c_annual': 32.81832023052347, 'c_monthly': 41.614242800007595, 'starting_deviation': 130.0, 'stick_down_eta': 15.391264587358004, 'strong_side_eta': 163.48603741848876}, 'status': 'ok'}","{'tid': 65, 'cmd': ('domain_attachment', 'FMinIter_Domain'), 'workdir': None, 'idxs': {'c_annual': [65], 'c_monthly': [65], 'starting_deviation': [65], 'stick_down_eta': [65], 'strong_side_eta': [65]}, 'vals': {'c_annual': [32.81832023052347], 'c_monthly': [41.614242800007595], 'starting_deviation': [130.0], 'stick_down_eta': [15.391264587358004], 'strong_side_eta': [163.48603741848876]}}",,,0,2022-09-17 05:59:14.467,2022-09-17 05:59:20.438,1.4197235019222496,ok,32.81832023052347,41.614242800007595,130.0,15.391264587358004,163.48603741848876
2,66,,"{'loss': 1.4191788290054603, 'params': {'c_annual': 30.424258257760208, 'c_monthly': 48.82117902270515, 'starting_deviation': 104.0, 'stick_down_eta': 6.673795457302975, 'strong_side_eta': 183.95146906764614}, 'status': 'ok'}","{'tid': 66, 'cmd': ('domain_attachment', 'FMinIter_Domain'), 'workdir': None, 'idxs': {'c_annual': [66], 'c_monthly': [66], 'starting_deviation': [66], 'stick_down_eta': [66], 'strong_side_eta': [66]}, 'vals': {'c_annual': [30.424258257760208], 'c_monthly': [48.82117902270515], 'starting_deviation': [104.0], 'stick_down_eta': [6.673795457302975], 'strong_side_eta': [183.95146906764614]}}",,,0,2022-09-17 05:59:20.461,2022-09-17 05:59:26.314,1.4191788290054603,ok,30.424258257760208,48.82117902270515,104.0,6.673795457302975,183.95146906764614
2,67,,"{'loss': 1.418924553256819, 'params': {'c_annual': 30.31457484714197, 'c_monthly': 49.61505827732393, 'starting_deviation': 92.0, 'stick_down_eta': 1.4756712237971035, 'strong_side_eta': 182.31684810736664}, 'status': 'ok'}","{'tid': 67, 'cmd': ('domain_attachment', 'FMinIter_Domain'), 'workdir': None, 'idxs': {'c_annual': [67], 'c_monthly': [67], 'starting_deviation': [67], 'stick_down_eta': [67], 'strong_side_eta': [67]}, 'vals': {'c_annual': [30.31457484714197], 'c_monthly': [49.61505827732393], 'starting_deviation': [92.0], 'stick_down_eta': [1.4756712237971035], 'strong_side_eta': [182.31684810736664]}}",,,0,2022-09-17 05:59:26.337,2022-09-17 05:59:32.268,1.418924553256819,ok,30.31457484714197,49.61505827732393,92.0,1.4756712237971035,182.31684810736664
2,68,,"{'loss': 1.4202304846546696, 'params': {'c_annual': 26.60971236334318, 'c_monthly': 37.60690997876905, 'starting_deviation': 67.0, 'stick_down_eta': 20.723255354317867, 'strong_side_eta': 150.75696516129827}, 'status': 'ok'}","{'tid': 68, 'cmd': ('domain_attachment', 'FMinIter_Domain'), 'workdir': None, 'idxs': {'c_annual': [68], 'c_monthly': [68], 'starting_deviation': [68], 'stick_down_eta': [68], 'strong_side_eta': [68]}, 'vals': {'c_annual': [26.60971236334318], 'c_monthly': [37.60690997876905], 'starting_deviation': [67.0], 'stick_down_eta': [20.723255354317867], 'strong_side_eta': [150.75696516129827]}}",,,0,2022-09-17 05:59:32.294,2022-09-17 05:59:38.058,1.4202304846546696,ok,26.60971236334318,37.60690997876905,67.0,20.723255354317867,150.75696516129827
2,69,,"{'loss': 1.4188480460974973, 'params': {'c_annual': 14.251284561933154, 'c_monthly': 46.863130110617014, 'starting_deviation': 203.0, 'stick_down_eta': 1.1597553459637764, 'strong_side_eta': 193.95553433083793}, 'status': 'ok'}","{'tid': 69, 'cmd': ('domain_attachment', 'FMinIter_Domain'), 'workdir': None, 'idxs': {'c_annual': [69], 'c_monthly': [69], 'starting_deviation': [69], 'stick_down_eta': [69], 'strong_side_eta': [69]}, 'vals': {'c_annual': [14.251284561933154], 'c_monthly': [46.863130110617014], 'starting_deviation': [203.0], 'stick_down_eta': [1.1597553459637764], 'strong_side_eta': [193.95553433083793]}}",,,0,2022-09-17 05:59:38.087,2022-09-17 05:59:43.812,1.4188480460974973,ok,14.251284561933154,46.863130110617014,203.0,1.1597553459637764,193.95553433083793
2,70,,"{'loss': 1.421502965425332, 'params': {'c_annual': 2.653714194648021, 'c_monthly': 46.54227296595777, 'starting_deviation': 204.0, 'stick_down_eta': 44.97917173127802, 'strong_side_eta': 195.13325951415544}, 'status': 'ok'}","{'tid': 70, 'cmd': ('domain_attachment', 'FMinIter_Domain'), 'workdir': None, 'idxs': {'c_annual': [70], 'c_monthly': [70], 'starting_deviation': [70], 'stick_down_eta': [70], 'strong_side_eta': [70]}, 'vals': {'c_annual': [2.653714194648021], 'c_monthly': [46.54227296595777], 'starting_deviation': [204.0], 'stick_down_eta': [44.97917173127802], 'strong_side_eta': [195.13325951415544]}}",,,0,2022-09-17 05:59:43.837,2022-09-17 05:59:50.771,1.421502965425332,ok,2.653714194648021,46.54227296595777,204.0,44.97917173127802,195.13325951415544
2,71,,"{'loss': 1.422290445751945, 'params': {'c_annual': 13.915664175917817, 'c_monthly': 42.98598561639073, 'starting_deviation': 311.0, 'stick_down_eta': 55.03287313841813, 'strong_side_eta': 189.08315092970352}, 'status': 'ok'}","{'tid': 71, 'cmd': ('domain_attachment', 'FMinIter_Domain'), 'workdir': None, 'idxs': {'c_annual': [71], 'c_monthly': [71], 'starting_deviation': [71], 'stick_down_eta': [71], 'strong_side_eta': [71]}, 'vals': {'c_annual': [13.915664175917817], 'c_monthly': [42.98598561639073], 'starting_deviation': [311.0], 'stick_down_eta': [55.03287313841813], 'strong_side_eta': [189.08315092970352]}}",,,0,2022-09-17 05:59:50.808,2022-09-17 05:59:56.735,1.422290445751945,ok,13.915664175917817,42.98598561639073,311.0,55.03287313841813,189.08315092970352
2,72,,"{'loss': 1.4203961177619897, 'params': {'c_annual': 9.953896019457755, 'c_monthly': 22.800629590230972, 'starting_deviation': 293.0, 'stick_down_eta': 31.20984780853011, 'strong_side_eta': 165.3789724885854}, 'status': 'ok'}","{'tid': 72, 'cmd': ('domain_attachment', 'FMinIter_Domain'), 'workdir': None, 'idxs': {'c_annual': [72], 'c_monthly': [72], 'starting_deviation': [72], 'stick_down_eta': [72], 'strong_side_eta': [72]}, 'vals': {'c_annual': [9.953896019457755], 'c_monthly': [22.800629590230972], 'starting_deviation': [293.0], 'stick_down_eta': [31.20984780853011], 'strong_side_eta': [165.3789724885854]}}",,,0,2022-09-17 05:59:56.758,2022-09-17 06:00:02.498,1.4203961177619897,ok,9.953896019457755,22.800629590230972,293.0,31.20984780853011,165.3789724885854
2,73,,"{'loss': 1.4192244553513989, 'params': {'c_annual': 8.022681373615484, 'c_monthly': 25.677533624675597, 'starting_deviation': 190.0, 'stick_down_eta': 14.059618822075162, 'strong_side_eta': 177.9006200441008}, 'status': 'ok'}","{'tid': 73, 'cmd': ('domain_attachment', 'FMinIter_Domain'), 'workdir': None, 'idxs': {'c_annual': [73], 'c_monthly': [73], 'starting_deviation': [73], 'stick_down_eta': [73], 'strong_side_eta': [73]}, 'vals': {'c_annual': [8.022681373615484], 'c_monthly': [25.677533624675597], 'starting_deviation': [190.0], 'stick_down_eta': [14.059618822075162], 'strong_side_eta': [177.9006200441008]}}",,,0,2022-09-17 06:00:02.522,2022-09-17 06:00:08.459,1.4192244553513989,ok,8.022681373615484,25.677533624675597,190.0,14.059618822075162,177.9006200441008
2,74,,"{'loss': 1.4257887509676361, 'params': {'c_annual': 3.7210051284814014, 'c_monthly': 18.201639938649322, 'starting_deviation': 150.0, 'stick_down_eta': 92.43500436721864, 'strong_side_eta': 171.69723285964773}, 'status': 'ok'}","{'tid': 74, 'cmd': ('domain_attachment', 'FMinIter_Domain'), 'workdir': None, 'idxs': {'c_annual': [74], 'c_monthly': [74], 'starting_deviation': [74], 'stick_down_eta': [74], 'strong_side_eta': [74]}, 'vals': {'c_annual': [3.7210051284814014], 'c_monthly': [18.201639938649322], 'starting_deviation': [150.0], 'stick_down_eta': [92.43500436721864], 'strong_side_eta': [171.69723285964773]}}",,,0,2022-09-17 06:00:08.484,2022-09-17 06:00:14.236,1.4257887509676361,ok,3.7210051284814014,18.201639938649322,150.0,92.43500436721864,171.69723285964773
2,75,,"{'loss': 1.4187317598850593, 'params': {'c_annual': 12.23351053808928, 'c_monthly': 40.32781927334156, 'starting_deviation': 233.0, 'stick_down_eta': 0.214273778386729, 'strong_side_eta': 199.8657469399815}, 'status': 'ok'}","{'tid': 75, 'cmd': ('domain_attachment', 'FMinIter_Domain'), 'workdir': None, 'idxs': {'c_annual': [75], 'c_monthly': [75], 'starting_deviation': [75], 'stick_down_eta': [75], 'strong_side_eta': [75]}, 'vals': {'c_annual': [12.23351053808928], 'c_monthly': [40.32781927334156], 'starting_deviation': [233.0], 'stick_down_eta': [0.214273778386729], 'strong_side_eta': [199.8657469399815]}}",,,0,2022-09-17 06:00:14.260,2022-09-17 06:00:20.032,1.4187317598850593,ok,12.23351053808928,40.32781927334156,233.0,0.214273778386729,199.8657469399815
2,76,,"{'loss': 1.4227965828713236, 'params': {'c_annual': 23.612947758183495, 'c_monthly': 40.15111129093701, 'starting_deviation': 337.0, 'stick_down_eta': 19.414377411827303, 'strong_side_eta': 67.38062352206478}, 'status': 'ok'}","{'tid': 76, 'cmd': ('domain_attachment', 'FMinIter_Domain'), 'workdir': None, 'idxs': {'c_annual': [76], 'c_monthly': [76], 'starting_deviation': [76], 'stick_down_eta': [76], 'strong_side_eta': [76]}, 'vals': {'c_annual': [23.612947758183495], 'c_monthly': [40.15111129093701], 'starting_deviation': [337.0], 'stick_down_eta': [19.414377411827303], 'strong_side_eta': [67.38062352206478]}}",,,0,2022-09-17 06:00:20.056,2022-09-17 06:00:26.132,1.4227965828713236,ok,23.612947758183495,40.15111129093701,337.0,19.414377411827303,67.38062352206478
2,77,,"{'loss': 1.4216968327783222, 'params': {'c_annual': 11.161977946013842, 'c_monthly': 35.954310498394044, 'starting_deviation': 370.0, 'stick_down_eta': 37.58540923246032, 'strong_side_eta': 133.88065530329737}, 'status': 'ok'}","{'tid': 77, 'cmd': ('domain_attachment', 'FMinIter_Domain'), 'workdir': None, 'idxs': {'c_annual': [77], 'c_monthly': [77], 'starting_deviation': [77], 'stick_down_eta': [77], 'strong_side_eta': [77]}, 'vals': {'c_annual': [11.161977946013842], 'c_monthly': [35.954310498394044], 'starting_deviation': [370.0], 'stick_down_eta': [37.58540923246032], 'strong_side_eta': [133.88065530329737]}}",,,0,2022-09-17 06:00:26.165,2022-09-17 06:00:32.065,1.4216968327783222,ok,11.161977946013842,35.954310498394044,370.0,37.58540923246032,133.88065530329737
2,78,,"{'loss': 1.4203433122312987, 'params': {'c_annual': 5.160789059945586, 'c_monthly': 30.367393392797894, 'starting_deviation': 280.0, 'stick_down_eta': 26.98071864667496, 'strong_side_eta': 158.08901478184447}, 'status': 'ok'}","{'tid': 78, 'cmd': ('domain_attachment', 'FMinIter_Domain'), 'workdir': None, 'idxs': {'c_annual': [78], 'c_monthly': [78], 'starting_deviation': [78], 'stick_down_eta': [78], 'strong_side_eta': [78]}, 'vals': {'c_annual': [5.160789059945586], 'c_monthly': [30.367393392797894], 'starting_deviation': [280.0], 'stick_down_eta': [26.98071864667496], 'strong_side_eta': [158.08901478184447]}}",,,0,2022-09-17 06:00:32.089,2022-09-17 06:00:37.875,1.4203433122312987,ok,5.160789059945586,30.367393392797894,280.0,26.98071864667496,158.08901478184447
2,79,,"{'loss': 1.4312767932319002, 'params': {'c_annual': 7.997856760477362, 'c_monthly': 34.111606834486004, 'starting_deviation': 391.0, 'stick_down_eta': 144.6131447394086, 'strong_side_eta': 186.54149990040733}, 'status': 'ok'}","{'tid': 79, 'cmd': ('domain_attachment', 'FMinIter_Domain'), 'workdir': None, 'idxs': {'c_annual': [79], 'c_monthly': [79], 'starting_deviation': [79], 'stick_down_eta': [79], 'strong_side_eta': [79]}, 'vals': {'c_annual': [7.997856760477362], 'c_monthly': [34.111606834486004], 'starting_deviation': [391.0], 'stick_down_eta': [144.6131447394086], 'strong_side_eta': [186.54149990040733]}}",,,0,2022-09-17 06:00:37.898,2022-09-17 06:00:43.677,1.4312767932319002,ok,7.997856760477362,34.111606834486004,391.0,144.6131447394086,186.54149990040733
2,80,,"{'loss': 1.4192921902831817, 'params': {'c_annual': 0.36596498846835424, 'c_monthly': 32.523035651009764, 'starting_deviation': 420.0, 'stick_down_eta': 10.894146123056185, 'strong_side_eta': 178.95347773067527}, 'status': 'ok'}","{'tid': 80, 'cmd': ('domain_attachment', 'FMinIter_Domain'), 'workdir': None, 'idxs': {'c_annual': [80], 'c_monthly': [80], 'starting_deviation': [80], 'stick_down_eta': [80], 'strong_side_eta': [80]}, 'vals': {'c_annual': [0.36596498846835424], 'c_monthly': [32.523035651009764], 'starting_deviation': [420.0], 'stick_down_eta': [10.894146123056185], 'strong_side_eta': [178.95347773067527]}}",,,0,2022-09-17 06:00:43.703,2022-09-17 06:00:49.506,1.4192921902831817,ok,0.36596498846835424,32.523035651009764,420.0,10.894146123056185,178.95347773067527
2,81,,"{'loss': 1.4242344577645922, 'params': {'c_annual': 17.548300073710077, 'c_monthly': 27.08636663153002, 'starting_deviation': 172.0, 'stick_down_eta': 72.68302329585313, 'strong_side_eta': 153.34396867683532}, 'status': 'ok'}","{'tid': 81, 'cmd': ('domain_attachment', 'FMinIter_Domain'), 'workdir': None, 'idxs': {'c_annual': [81], 'c_monthly': [81], 'starting_deviation': [81], 'stick_down_eta': [81], 'strong_side_eta': [81]}, 'vals': {'c_annual': [17.548300073710077], 'c_monthly': [27.08636663153002], 'starting_deviation': [172.0], 'stick_down_eta': [72.68302329585313], 'strong_side_eta': [153.34396867683532]}}",,,0,2022-09-17 06:00:49.531,2022-09-17 06:00:55.498,1.4242344577645922,ok,17.548300073710077,27.08636663153002,172.0,72.68302329585313,153.34396867683532
2,82,,"{'loss': 1.4189160102018663, 'params': {'c_annual': 20.57286185183575, 'c_monthly': 37.92245603260913, 'starting_deviation': 230.0, 'stick_down_eta': 4.759085585578405, 'strong_side_eta': 196.71492858675302}, 'status': 'ok'}","{'tid': 82, 'cmd': ('domain_attachment', 'FMinIter_Domain'), 'workdir': None, 'idxs': {'c_annual': [82], 'c_monthly': [82], 'starting_deviation': [82], 'stick_down_eta': [82], 'strong_side_eta': [82]}, 'vals': {'c_annual': [20.57286185183575], 'c_monthly': [37.92245603260913], 'starting_deviation': [230.0], 'stick_down_eta': [4.759085585578405], 'strong_side_eta': [196.71492858675302]}}",,,0,2022-09-17 06:00:55.521,2022-09-17 06:01:01.305,1.4189160102018663,ok,20.57286185183575,37.92245603260913,230.0,4.759085585578405,196.71492858675302
2,83,,"{'loss': 1.4262553230202868, 'params': {'c_annual': 41.6482682049365, 'c_monthly': 24.516026926458792, 'starting_deviation': 262.0, 'stick_down_eta': 54.38990678588517, 'strong_side_eta': 54.77707631465509}, 'status': 'ok'}","{'tid': 83, 'cmd': ('domain_attachment', 'FMinIter_Domain'), 'workdir': None, 'idxs': {'c_annual': [83], 'c_monthly': [83], 'starting_deviation': [83], 'stick_down_eta': [83], 'strong_side_eta': [83]}, 'vals': {'c_annual': [41.6482682049365], 'c_monthly': [24.516026926458792], 'starting_deviation': [262.0], 'stick_down_eta': [54.38990678588517], 'strong_side_eta': [54.77707631465509]}}",,,0,2022-09-17 06:01:01.328,2022-09-17 06:01:07.187,1.4262553230202868,ok,41.6482682049365,24.516026926458792,262.0,54.38990678588517,54.77707631465509
2,84,,"{'loss': 1.421987935072244, 'params': {'c_annual': 12.107230843272255, 'c_monthly': 29.338945016361123, 'starting_deviation': 248.0, 'stick_down_eta': 46.00485320032518, 'strong_side_eta': 144.75325174605612}, 'status': 'ok'}","{'tid': 84, 'cmd': ('domain_attachment', 'FMinIter_Domain'), 'workdir': None, 'idxs': {'c_annual': [84], 'c_monthly': [84], 'starting_deviation': [84], 'stick_down_eta': [84], 'strong_side_eta': [84]}, 'vals': {'c_annual': [12.107230843272255], 'c_monthly': [29.338945016361123], 'starting_deviation': [248.0], 'stick_down_eta': [46.00485320032518], 'strong_side_eta': [144.75325174605612]}}",,,0,2022-09-17 06:01:07.212,2022-09-17 06:01:13.016,1.421987935072244,ok,12.107230843272255,29.338945016361123,248.0,46.00485320032518,144.75325174605612
2,85,,"{'loss': 1.424576528934305, 'params': {'c_annual': 22.463196433858595, 'c_monthly': 16.808811474600883, 'starting_deviation': 356.0, 'stick_down_eta': 62.06323398180675, 'strong_side_eta': 100.87851951494355}, 'status': 'ok'}","{'tid': 85, 'cmd': ('domain_attachment', 'FMinIter_Domain'), 'workdir': None, 'idxs': {'c_annual': [85], 'c_monthly': [85], 'starting_deviation': [85], 'stick_down_eta': [85], 'strong_side_eta': [85]}, 'vals': {'c_annual': [22.463196433858595], 'c_monthly': [16.808811474600883], 'starting_deviation': [356.0], 'stick_down_eta': [62.06323398180675], 'strong_side_eta': [100.87851951494355]}}",,,0,2022-09-17 06:01:13.039,2022-09-17 06:01:18.881,1.424576528934305,ok,22.463196433858595,16.808811474600883,356.0,62.06323398180675,100.87851951494355
2,86,,"{'loss': 1.433209926304351, 'params': {'c_annual': 43.895590001403235, 'c_monthly': 40.56942144742578, 'starting_deviation': 301.0, 'stick_down_eta': 155.9059868896958, 'strong_side_eta': 168.65422272997955}, 'status': 'ok'}","{'tid': 86, 'cmd': ('domain_attachment', 'FMinIter_Domain'), 'workdir': None, 'idxs': {'c_annual': [86], 'c_monthly': [86], 'starting_deviation': [86], 'stick_down_eta': [86], 'strong_side_eta': [86]}, 'vals': {'c_annual': [43.895590001403235], 'c_monthly': [40.56942144742578], 'starting_deviation': [301.0], 'stick_down_eta': [155.9059868896958], 'strong_side_eta': [168.65422272997955]}}",,,0,2022-09-17 06:01:18.906,2022-09-17 06:01:24.814,1.433209926304351,ok,43.895590001403235,40.56942144742578,301.0,155.9059868896958,168.65422272997955
2,87,,"{'loss': 1.4202518974606426, 'params': {'c_annual': 47.784381837475635, 'c_monthly': 31.265789974600057, 'starting_deviation': 279.0, 'stick_down_eta': 11.359297876612409, 'strong_side_eta': 120.1110041238408}, 'status': 'ok'}","{'tid': 87, 'cmd': ('domain_attachment', 'FMinIter_Domain'), 'workdir': None, 'idxs': {'c_annual': [87], 'c_monthly': [87], 'starting_deviation': [87], 'stick_down_eta': [87], 'strong_side_eta': [87]}, 'vals': {'c_annual': [47.784381837475635], 'c_monthly': [31.265789974600057], 'starting_deviation': [279.0], 'stick_down_eta': [11.359297876612409], 'strong_side_eta': [120.1110041238408]}}",,,0,2022-09-17 06:01:24.840,2022-09-17 06:01:30.678,1.4202518974606426,ok,47.784381837475635,31.265789974600057,279.0,11.359297876612409,120.1110041238408
2,88,,"{'loss': 1.4392710099194528, 'params': {'c_annual': 39.55082286829902, 'c_monthly': 38.96278032374598, 'starting_deviation': 319.0, 'stick_down_eta': 189.27961656853716, 'strong_side_eta': 126.97763112432106}, 'status': 'ok'}","{'tid': 88, 'cmd': ('domain_attachment', 'FMinIter_Domain'), 'workdir': None, 'idxs': {'c_annual': [88], 'c_monthly': [88], 'starting_deviation': [88], 'stick_down_eta': [88], 'strong_side_eta': [88]}, 'vals': {'c_annual': [39.55082286829902], 'c_monthly': [38.96278032374598], 'starting_deviation': [319.0], 'stick_down_eta': [189.27961656853716], 'strong_side_eta': [126.97763112432106]}}",,,0,2022-09-17 06:01:30.701,2022-09-17 06:01:37.490,1.4392710099194528,ok,39.55082286829902,38.96278032374598,319.0,189.27961656853716,126.97763112432106
2,89,,"{'loss': 1.4266825900389797, 'params': {'c_annual': 37.309399276388035, 'c_monthly': 27.780927057708727, 'starting_deviation': 237.0, 'stick_down_eta': 35.250897524888046, 'strong_side_eta': 21.798794077345278}, 'status': 'ok'}","{'tid': 89, 'cmd': ('domain_attachment', 'FMinIter_Domain'), 'workdir': None, 'idxs': {'c_annual': [89], 'c_monthly': [89], 'starting_deviation': [89], 'stick_down_eta': [89], 'strong_side_eta': [89]}, 'vals': {'c_annual': [37.309399276388035], 'c_monthly': [27.780927057708727], 'starting_deviation': [237.0], 'stick_down_eta': [35.250897524888046], 'strong_side_eta': [21.798794077345278]}}",,,0,2022-09-17 06:01:37.514,2022-09-17 06:01:43.565,1.4266825900389797,ok,37.309399276388035,27.780927057708727,237.0,35.250897524888046,21.798794077345278
2,90,,"{'loss': 1.4205096203526197, 'params': {'c_annual': 15.716431440150732, 'c_monthly': 20.965693046349017, 'starting_deviation': 448.0, 'stick_down_eta': 16.9562670072969, 'strong_side_eta': 114.56139496552014}, 'status': 'ok'}","{'tid': 90, 'cmd': ('domain_attachment', 'FMinIter_Domain'), 'workdir': None, 'idxs': {'c_annual': [90], 'c_monthly': [90], 'starting_deviation': [90], 'stick_down_eta': [90], 'strong_side_eta': [90]}, 'vals': {'c_annual': [15.716431440150732], 'c_monthly': [20.965693046349017], 'starting_deviation': [448.0], 'stick_down_eta': [16.9562670072969], 'strong_side_eta': [114.56139496552014]}}",,,0,2022-09-17 06:01:43.589,2022-09-17 06:01:49.306,1.4205096203526197,ok,15.716431440150732,20.965693046349017,448.0,16.9562670072969,114.56139496552014
2,91,,"{'loss': 1.4310974767260838, 'params': {'c_annual': 25.308528128614658, 'c_monthly': 48.27025609295561, 'starting_deviation': 317.0, 'stick_down_eta': 107.132900513259, 'strong_side_eta': 76.54575118027162}, 'status': 'ok'}","{'tid': 91, 'cmd': ('domain_attachment', 'FMinIter_Domain'), 'workdir': None, 'idxs': {'c_annual': [91], 'c_monthly': [91], 'starting_deviation': [91], 'stick_down_eta': [91], 'strong_side_eta': [91]}, 'vals': {'c_annual': [25.308528128614658], 'c_monthly': [48.27025609295561], 'starting_deviation': [317.0], 'stick_down_eta': [107.132900513259], 'strong_side_eta': [76.54575118027162]}}",,,0,2022-09-17 06:01:49.329,2022-09-17 06:01:55.204,1.4310974767260838,ok,25.308528128614658,48.27025609295561,317.0,107.132900513259,76.54575118027162
2,92,,"{'loss': 1.4243220889420733, 'params': {'c_annual': 49.98713392279718, 'c_monthly': 23.441157412099106, 'starting_deviation': 212.0, 'stick_down_eta': 75.89487673819211, 'strong_side_eta': 160.27388611678532}, 'status': 'ok'}","{'tid': 92, 'cmd': ('domain_attachment', 'FMinIter_Domain'), 'workdir': None, 'idxs': {'c_annual': [92], 'c_monthly': [92], 'starting_deviation': [92], 'stick_down_eta': [92], 'strong_side_eta': [92]}, 'vals': {'c_annual': [49.98713392279718], 'c_monthly': [23.441157412099106], 'starting_deviation': [212.0], 'stick_down_eta': [75.89487673819211], 'strong_side_eta': [160.27388611678532]}}",,,0,2022-09-17 06:01:55.228,2022-09-17 06:02:01.018,1.4243220889420733,ok,49.98713392279718,23.441157412099106,212.0,75.89487673819211,160.27388611678532
2,93,,"{'loss': 1.4199893694914942, 'params': {'c_annual': 28.4917129255765, 'c_monthly': 35.045826564301926, 'starting_deviation': 142.0, 'stick_down_eta': 22.7005324703612, 'strong_side_eta': 173.34524804968734}, 'status': 'ok'}","{'tid': 93, 'cmd': ('domain_attachment', 'FMinIter_Domain'), 'workdir': None, 'idxs': {'c_annual': [93], 'c_monthly': [93], 'starting_deviation': [93], 'stick_down_eta': [93], 'strong_side_eta': [93]}, 'vals': {'c_annual': [28.4917129255765], 'c_monthly': [35.045826564301926], 'starting_deviation': [142.0], 'stick_down_eta': [22.7005324703612], 'strong_side_eta': [173.34524804968734]}}",,,0,2022-09-17 06:02:01.043,2022-09-17 06:02:06.803,1.4199893694914942,ok,28.4917129255765,35.045826564301926,142.0,22.7005324703612,173.34524804968734
2,94,,"{'loss': 1.4209219192760107, 'params': {'c_annual': 31.738872617440016, 'c_monthly': 36.865219871433474, 'starting_deviation': 264.0, 'stick_down_eta': 28.99069079447443, 'strong_side_eta': 140.79457378285088}, 'status': 'ok'}","{'tid': 94, 'cmd': ('domain_attachment', 'FMinIter_Domain'), 'workdir': None, 'idxs': {'c_annual': [94], 'c_monthly': [94], 'starting_deviation': [94], 'stick_down_eta': [94], 'strong_side_eta': [94]}, 'vals': {'c_annual': [31.738872617440016], 'c_monthly': [36.865219871433474], 'starting_deviation': [264.0], 'stick_down_eta': [28.99069079447443], 'strong_side_eta': [140.79457378285088]}}",,,0,2022-09-17 06:02:06.828,2022-09-17 06:02:12.623,1.4209219192760107,ok,31.738872617440016,36.865219871433474,264.0,28.99069079447443,140.79457378285088
2,95,,"{'loss': 1.4243840410785107, 'params': {'c_annual': 35.16086256869571, 'c_monthly': 19.17722148023219, 'starting_deviation': 253.0, 'stick_down_eta': 84.37420637313937, 'strong_side_eta': 198.4184382181392}, 'status': 'ok'}","{'tid': 95, 'cmd': ('domain_attachment', 'FMinIter_Domain'), 'workdir': None, 'idxs': {'c_annual': [95], 'c_monthly': [95], 'starting_deviation': [95], 'stick_down_eta': [95], 'strong_side_eta': [95]}, 'vals': {'c_annual': [35.16086256869571], 'c_monthly': [19.17722148023219], 'starting_deviation': [253.0], 'stick_down_eta': [84.37420637313937], 'strong_side_eta': [198.4184382181392]}}",,,0,2022-09-17 06:02:12.651,2022-09-17 06:02:18.389,1.4243840410785107,ok,35.16086256869571,19.17722148023219,253.0,84.37420637313937,198.4184382181392
2,96,,"{'loss': 1.430654412675657, 'params': {'c_annual': 19.08397529237946, 'c_monthly': 14.759466101284122, 'starting_deviation': 167.0, 'stick_down_eta': 97.48094124769808, 'strong_side_eta': 62.86543154485075}, 'status': 'ok'}","{'tid': 96, 'cmd': ('domain_attachment', 'FMinIter_Domain'), 'workdir': None, 'idxs': {'c_annual': [96], 'c_monthly': [96], 'starting_deviation': [96], 'stick_down_eta': [96], 'strong_side_eta': [96]}, 'vals': {'c_annual': [19.08397529237946], 'c_monthly': [14.759466101284122], 'starting_deviation': [167.0], 'stick_down_eta': [97.48094124769808], 'strong_side_eta': [62.86543154485075]}}",,,0,2022-09-17 06:02:18.413,2022-09-17 06:02:24.269,1.430654412675657,ok,19.08397529237946,14.759466101284122,167.0,97.48094124769808,62.86543154485075
2,97,,"{'loss': 1.4332027900582527, 'params': {'c_annual': 46.224188906726894, 'c_monthly': 44.992824094233626, 'starting_deviation': 336.0, 'stick_down_eta': 128.16068139974783, 'strong_side_eta': 84.47198397557321}, 'status': 'ok'}","{'tid': 97, 'cmd': ('domain_attachment', 'FMinIter_Domain'), 'workdir': None, 'idxs': {'c_annual': [97], 'c_monthly': [97], 'starting_deviation': [97], 'stick_down_eta': [97], 'strong_side_eta': [97]}, 'vals': {'c_annual': [46.224188906726894], 'c_monthly': [44.992824094233626], 'starting_deviation': [336.0], 'stick_down_eta': [128.16068139974783], 'strong_side_eta': [84.47198397557321]}}",,,0,2022-09-17 06:02:24.294,2022-09-17 06:02:30.117,1.4332027900582527,ok,46.224188906726894,44.992824094233626,336.0,128.16068139974783,84.47198397557321
2,98,,"{'loss': 1.4220228715617387, 'params': {'c_annual': 34.04376274724624, 'c_monthly': 43.09487420532433, 'starting_deviation': 388.0, 'stick_down_eta': 51.27702808039027, 'strong_side_eta': 190.4316670871503}, 'status': 'ok'}","{'tid': 98, 'cmd': ('domain_attachment', 'FMinIter_Domain'), 'workdir': None, 'idxs': {'c_annual': [98], 'c_monthly': [98], 'starting_deviation': [98], 'stick_down_eta': [98], 'strong_side_eta': [98]}, 'vals': {'c_annual': [34.04376274724624], 'c_monthly': [43.09487420532433], 'starting_deviation': [388.0], 'stick_down_eta': [51.27702808039027], 'strong_side_eta': [190.4316670871503]}}",,,0,2022-09-17 06:02:30.152,2022-09-17 06:02:35.897,1.4220228715617387,ok,34.04376274724624,43.09487420532433,388.0,51.27702808039027,190.4316670871503
2,99,,"{'loss': 1.42108901959884, 'params': {'c_annual': 27.3057307706033, 'c_monthly': 25.333120977272475, 'starting_deviation': 291.0, 'stick_down_eta': 42.1011931424209, 'strong_side_eta': 180.96442015033944}, 'status': 'ok'}","{'tid': 99, 'cmd': ('domain_attachment', 'FMinIter_Domain'), 'workdir': None, 'idxs': {'c_annual': [99], 'c_monthly': [99], 'starting_deviation': [99], 'stick_down_eta': [99], 'strong_side_eta': [99]}, 'vals': {'c_annual': [27.3057307706033], 'c_monthly': [25.333120977272475], 'starting_deviation': [291.0], 'stick_down_eta': [42.1011931424209], 'strong_side_eta': [180.96442015033944]}}",,,0,2022-09-17 06:02:35.924,2022-09-17 06:02:41.831,1.42108901959884,ok,27.3057307706033,25.333120977272475,291.0,42.1011931424209,180.96442015033944
