state,tid,spec,result,misc,exp_key,owner,version,book_time,refresh_time,loss,status,params.c_annual,params.c_monthly,params.starting_deviation,params.strength_eta
2,0,,"{'loss': 1.421178068682036, 'params': {'c_annual': 15.972362551988367, 'c_monthly': 3.4525670436802103, 'starting_deviation': 425.0, 'strength_eta': 90.94021044427443}, 'status': 'ok'}","{'tid': 0, 'cmd': ('domain_attachment', 'FMinIter_Domain'), 'workdir': None, 'idxs': {'c_annual': [0], 'c_monthly': [0], 'starting_deviation': [0], 'strength_eta': [0]}, 'vals': {'c_annual': [15.972362551988367], 'c_monthly': [3.4525670436802103], 'starting_deviation': [425.0], 'strength_eta': [90.94021044427443]}}",,,0,2022-09-17 06:02:44.619,2022-09-17 06:02:44.740,1.421178068682036,ok,15.972362551988367,3.4525670436802103,425.0,90.94021044427443
2,1,,"{'loss': 1.4226143877230604, 'params': {'c_annual': 15.789979674352434, 'c_monthly': 46.64339994239168, 'starting_deviation': 377.0, 'strength_eta': 82.02079177066275}, 'status': 'ok'}","{'tid': 1, 'cmd': ('domain_attachment', 'FMinIter_Domain'), 'workdir': None, 'idxs': {'c_annual': [1], 'c_monthly': [1], 'starting_deviation': [1], 'strength_eta': [1]}, 'vals': {'c_annual': [15.789979674352434], 'c_monthly': [46.64339994239168], 'starting_deviation': [377.0], 'strength_eta': [82.02079177066275]}}",,,0,2022-09-17 06:02:44.748,2022-09-17 06:02:44.867,1.4226143877230604,ok,15.789979674352434,46.64339994239168,377.0,82.02079177066275
2,2,,"{'loss': 1.4199269106836765, 'params': {'c_annual': 47.56119532966646, 'c_monthly': 15.170505494208747, 'starting_deviation': 447.0, 'strength_eta': 167.47767111065684}, 'status': 'ok'}","{'tid': 2, 'cmd': ('domain_attachment', 'FMinIter_Domain'), 'workdir': None, 'idxs': {'c_annual': [2], 'c_monthly': [2], 'starting_deviation': [2], 'strength_eta': [2]}, 'vals': {'c_annual': [47.56119532966646], 'c_monthly': [15.170505494208747], 'starting_deviation': [447.0], 'strength_eta': [167.47767111065684]}}",,,0,2022-09-17 06:02:44.873,2022-09-17 06:02:45.004,1.4199269106836765,ok,47.56119532966646,15.170505494208747,447.0,167.47767111065684
2,3,,"{'loss': 1.4214030292905797, 'params': {'c_annual': 21.66664009351125, 'c_monthly': 5.242957927635178, 'starting_deviation': 463.0, 'strength_eta': 88.96650246023034}, 'status': 'ok'}","{'tid': 3, 'cmd': ('domain_attachment', 'FMinIter_Domain'), 'workdir': None, 'idxs': {'c_annual': [3], 'c_monthly': [3], 'starting_deviation': [3], 'strength_eta': [3]}, 'vals': {'c_annual': [21.66664009351125], 'c_monthly': [5.242957927635178], 'starting_deviation': [463.0], 'strength_eta': [88.96650246023034]}}",,,0,2022-09-17 06:02:45.013,2022-09-17 06:02:45.132,1.4214030292905797,ok,21.66664009351125,5.242957927635178,463.0,88.96650246023034
2,4,,"{'loss': 1.4184169015923789, 'params': {'c_annual': 40.13823905781552, 'c_monthly': 29.902353875606398, 'starting_deviation': 127.0, 'strength_eta': 162.47919767147263}, 'status': 'ok'}","{'tid': 4, 'cmd': ('domain_attachment', 'FMinIter_Domain'), 'workdir': None, 'idxs': {'c_annual': [4], 'c_monthly': [4], 'starting_deviation': [4], 'strength_eta': [4]}, 'vals': {'c_annual': [40.13823905781552], 'c_monthly': [29.902353875606398], 'starting_deviation': [127.0], 'strength_eta': [162.47919767147263]}}",,,0,2022-09-17 06:02:45.138,2022-09-17 06:02:45.266,1.4184169015923789,ok,40.13823905781552,29.902353875606398,127.0,162.47919767147263
2,5,,"{'loss': 1.4191400299238766, 'params': {'c_annual': 35.785663105351645, 'c_monthly': 26.331011856384617, 'starting_deviation': 247.0, 'strength_eta': 159.91068832143458}, 'status': 'ok'}","{'tid': 5, 'cmd': ('domain_attachment', 'FMinIter_Domain'), 'workdir': None, 'idxs': {'c_annual': [5], 'c_monthly': [5], 'starting_deviation': [5], 'strength_eta': [5]}, 'vals': {'c_annual': [35.785663105351645], 'c_monthly': [26.331011856384617], 'starting_deviation': [247.0], 'strength_eta': [159.91068832143458]}}",,,0,2022-09-17 06:02:45.273,2022-09-17 06:02:45.393,1.4191400299238766,ok,35.785663105351645,26.331011856384617,247.0,159.91068832143458
2,6,,"{'loss': 1.4202061969329645, 'params': {'c_annual': 9.421264588271505, 'c_monthly': 8.180358931927511, 'starting_deviation': 473.0, 'strength_eta': 146.80560359711365}, 'status': 'ok'}","{'tid': 6, 'cmd': ('domain_attachment', 'FMinIter_Domain'), 'workdir': None, 'idxs': {'c_annual': [6], 'c_monthly': [6], 'starting_deviation': [6], 'strength_eta': [6]}, 'vals': {'c_annual': [9.421264588271505], 'c_monthly': [8.180358931927511], 'starting_deviation': [473.0], 'strength_eta': [146.80560359711365]}}",,,0,2022-09-17 06:02:45.401,2022-09-17 06:02:45.520,1.4202061969329645,ok,9.421264588271505,8.180358931927511,473.0,146.80560359711365
2,7,,"{'loss': 1.420623377530784, 'params': {'c_annual': 43.71626476672288, 'c_monthly': 17.951146596070195, 'starting_deviation': 399.0, 'strength_eta': 123.41587170046324}, 'status': 'ok'}","{'tid': 7, 'cmd': ('domain_attachment', 'FMinIter_Domain'), 'workdir': None, 'idxs': {'c_annual': [7], 'c_monthly': [7], 'starting_deviation': [7], 'strength_eta': [7]}, 'vals': {'c_annual': [43.71626476672288], 'c_monthly': [17.951146596070195], 'starting_deviation': [399.0], 'strength_eta': [123.41587170046324]}}",,,0,2022-09-17 06:02:45.527,2022-09-17 06:02:45.651,1.420623377530784,ok,43.71626476672288,17.951146596070195,399.0,123.41587170046324
2,8,,"{'loss': 1.4214661086903695, 'params': {'c_annual': 41.88282185302633, 'c_monthly': 24.82333517983583, 'starting_deviation': 464.0, 'strength_eta': 108.68061353806249}, 'status': 'ok'}","{'tid': 8, 'cmd': ('domain_attachment', 'FMinIter_Domain'), 'workdir': None, 'idxs': {'c_annual': [8], 'c_monthly': [8], 'starting_deviation': [8], 'strength_eta': [8]}, 'vals': {'c_annual': [41.88282185302633], 'c_monthly': [24.82333517983583], 'starting_deviation': [464.0], 'strength_eta': [108.68061353806249]}}",,,0,2022-09-17 06:02:45.660,2022-09-17 06:02:45.781,1.4214661086903695,ok,41.88282185302633,24.82333517983583,464.0,108.68061353806249
2,9,,"{'loss': 1.4200096088234775, 'params': {'c_annual': 20.791054378972674, 'c_monthly': 43.582596423160744, 'starting_deviation': 365.0, 'strength_eta': 191.09559726198563}, 'status': 'ok'}","{'tid': 9, 'cmd': ('domain_attachment', 'FMinIter_Domain'), 'workdir': None, 'idxs': {'c_annual': [9], 'c_monthly': [9], 'starting_deviation': [9], 'strength_eta': [9]}, 'vals': {'c_annual': [20.791054378972674], 'c_monthly': [43.582596423160744], 'starting_deviation': [365.0], 'strength_eta': [191.09559726198563]}}",,,0,2022-09-17 06:02:45.788,2022-09-17 06:02:45.907,1.4200096088234775,ok,20.791054378972674,43.582596423160744,365.0,191.09559726198563
2,10,,"{'loss': 1.4249213321818517, 'params': {'c_annual': 12.727712893202241, 'c_monthly': 37.06413721840136, 'starting_deviation': 418.0, 'strength_eta': 0.7260614509486452}, 'status': 'ok'}","{'tid': 10, 'cmd': ('domain_attachment', 'FMinIter_Domain'), 'workdir': None, 'idxs': {'c_annual': [10], 'c_monthly': [10], 'starting_deviation': [10], 'strength_eta': [10]}, 'vals': {'c_annual': [12.727712893202241], 'c_monthly': [37.06413721840136], 'starting_deviation': [418.0], 'strength_eta': [0.7260614509486452]}}",,,0,2022-09-17 06:02:45.914,2022-09-17 06:02:46.034,1.4249213321818517,ok,12.727712893202241,37.06413721840136,418.0,0.7260614509486452
2,11,,"{'loss': 1.4184592948081052, 'params': {'c_annual': 25.62798500451654, 'c_monthly': 24.32568991862593, 'starting_deviation': 211.0, 'strength_eta': 175.82717743960904}, 'status': 'ok'}","{'tid': 11, 'cmd': ('domain_attachment', 'FMinIter_Domain'), 'workdir': None, 'idxs': {'c_annual': [11], 'c_monthly': [11], 'starting_deviation': [11], 'strength_eta': [11]}, 'vals': {'c_annual': [25.62798500451654], 'c_monthly': [24.32568991862593], 'starting_deviation': [211.0], 'strength_eta': [175.82717743960904]}}",,,0,2022-09-17 06:02:46.040,2022-09-17 06:02:46.164,1.4184592948081052,ok,25.62798500451654,24.32568991862593,211.0,175.82717743960904
2,12,,"{'loss': 1.419277185970296, 'params': {'c_annual': 15.424303164452208, 'c_monthly': 48.01043989608021, 'starting_deviation': 188.0, 'strength_eta': 176.29568352658822}, 'status': 'ok'}","{'tid': 12, 'cmd': ('domain_attachment', 'FMinIter_Domain'), 'workdir': None, 'idxs': {'c_annual': [12], 'c_monthly': [12], 'starting_deviation': [12], 'strength_eta': [12]}, 'vals': {'c_annual': [15.424303164452208], 'c_monthly': [48.01043989608021], 'starting_deviation': [188.0], 'strength_eta': [176.29568352658822]}}",,,0,2022-09-17 06:02:46.171,2022-09-17 06:02:46.328,1.419277185970296,ok,15.424303164452208,48.01043989608021,188.0,176.29568352658822
2,13,,"{'loss': 1.4194704727178122, 'params': {'c_annual': 18.74386436205178, 'c_monthly': 42.50677869687488, 'starting_deviation': 56.0, 'strength_eta': 105.42196154932142}, 'status': 'ok'}","{'tid': 13, 'cmd': ('domain_attachment', 'FMinIter_Domain'), 'workdir': None, 'idxs': {'c_annual': [13], 'c_monthly': [13], 'starting_deviation': [13], 'strength_eta': [13]}, 'vals': {'c_annual': [18.74386436205178], 'c_monthly': [42.50677869687488], 'starting_deviation': [56.0], 'strength_eta': [105.42196154932142]}}",,,0,2022-09-17 06:02:46.334,2022-09-17 06:02:46.455,1.4194704727178122,ok,18.74386436205178,42.50677869687488,56.0,105.42196154932142
2,14,,"{'loss': 1.4206403212269816, 'params': {'c_annual': 24.653299013753795, 'c_monthly': 11.899188457017118, 'starting_deviation': 464.0, 'strength_eta': 127.40680628482531}, 'status': 'ok'}","{'tid': 14, 'cmd': ('domain_attachment', 'FMinIter_Domain'), 'workdir': None, 'idxs': {'c_annual': [14], 'c_monthly': [14], 'starting_deviation': [14], 'strength_eta': [14]}, 'vals': {'c_annual': [24.653299013753795], 'c_monthly': [11.899188457017118], 'starting_deviation': [464.0], 'strength_eta': [127.40680628482531]}}",,,0,2022-09-17 06:02:46.462,2022-09-17 06:02:46.578,1.4206403212269816,ok,24.653299013753795,11.899188457017118,464.0,127.40680628482531
2,15,,"{'loss': 1.4204516222044123, 'params': {'c_annual': 36.71879696934683, 'c_monthly': 18.466416319168626, 'starting_deviation': 338.0, 'strength_eta': 116.6738571283658}, 'status': 'ok'}","{'tid': 15, 'cmd': ('domain_attachment', 'FMinIter_Domain'), 'workdir': None, 'idxs': {'c_annual': [15], 'c_monthly': [15], 'starting_deviation': [15], 'strength_eta': [15]}, 'vals': {'c_annual': [36.71879696934683], 'c_monthly': [18.466416319168626], 'starting_deviation': [338.0], 'strength_eta': [116.6738571283658]}}",,,0,2022-09-17 06:02:46.585,2022-09-17 06:02:46.711,1.4204516222044123,ok,36.71879696934683,18.466416319168626,338.0,116.6738571283658
2,16,,"{'loss': 1.4193142371359693, 'params': {'c_annual': 45.05118751441781, 'c_monthly': 14.538097894954616, 'starting_deviation': 106.0, 'strength_eta': 103.16642238607933}, 'status': 'ok'}","{'tid': 16, 'cmd': ('domain_attachment', 'FMinIter_Domain'), 'workdir': None, 'idxs': {'c_annual': [16], 'c_monthly': [16], 'starting_deviation': [16], 'strength_eta': [16]}, 'vals': {'c_annual': [45.05118751441781], 'c_monthly': [14.538097894954616], 'starting_deviation': [106.0], 'strength_eta': [103.16642238607933]}}",,,0,2022-09-17 06:02:46.718,2022-09-17 06:02:46.842,1.4193142371359693,ok,45.05118751441781,14.538097894954616,106.0,103.16642238607933
2,17,,"{'loss': 1.420266249760771, 'params': {'c_annual': 41.023046400274254, 'c_monthly': 24.765557096594588, 'starting_deviation': 356.0, 'strength_eta': 138.42209041425377}, 'status': 'ok'}","{'tid': 17, 'cmd': ('domain_attachment', 'FMinIter_Domain'), 'workdir': None, 'idxs': {'c_annual': [17], 'c_monthly': [17], 'starting_deviation': [17], 'strength_eta': [17]}, 'vals': {'c_annual': [41.023046400274254], 'c_monthly': [24.765557096594588], 'starting_deviation': [356.0], 'strength_eta': [138.42209041425377]}}",,,0,2022-09-17 06:02:46.852,2022-09-17 06:02:46.972,1.420266249760771,ok,41.023046400274254,24.765557096594588,356.0,138.42209041425377
2,18,,"{'loss': 1.4230198793100552, 'params': {'c_annual': 35.21416544929857, 'c_monthly': 40.53961111832549, 'starting_deviation': 363.0, 'strength_eta': 57.62768205629627}, 'status': 'ok'}","{'tid': 18, 'cmd': ('domain_attachment', 'FMinIter_Domain'), 'workdir': None, 'idxs': {'c_annual': [18], 'c_monthly': [18], 'starting_deviation': [18], 'strength_eta': [18]}, 'vals': {'c_annual': [35.21416544929857], 'c_monthly': [40.53961111832549], 'starting_deviation': [363.0], 'strength_eta': [57.62768205629627]}}",,,0,2022-09-17 06:02:46.977,2022-09-17 06:02:47.103,1.4230198793100552,ok,35.21416544929857,40.53961111832549,363.0,57.62768205629627
2,19,,"{'loss': 1.4227456405230745, 'params': {'c_annual': 1.0688642424017958, 'c_monthly': 41.994150597534045, 'starting_deviation': 444.0, 'strength_eta': 79.55717386638506}, 'status': 'ok'}","{'tid': 19, 'cmd': ('domain_attachment', 'FMinIter_Domain'), 'workdir': None, 'idxs': {'c_annual': [19], 'c_monthly': [19], 'starting_deviation': [19], 'strength_eta': [19]}, 'vals': {'c_annual': [1.0688642424017958], 'c_monthly': [41.994150597534045], 'starting_deviation': [444.0], 'strength_eta': [79.55717386638506]}}",,,0,2022-09-17 06:02:47.110,2022-09-17 06:02:47.237,1.4227456405230745,ok,1.0688642424017958,41.994150597534045,444.0,79.55717386638506
2,20,,"{'loss': 1.4180900459896075, 'params': {'c_annual': 30.384799963296793, 'c_monthly': 34.238019311286806, 'starting_deviation': 159.0, 'strength_eta': 197.2378534391752}, 'status': 'ok'}","{'tid': 20, 'cmd': ('domain_attachment', 'FMinIter_Domain'), 'workdir': None, 'idxs': {'c_annual': [20], 'c_monthly': [20], 'starting_deviation': [20], 'strength_eta': [20]}, 'vals': {'c_annual': [30.384799963296793], 'c_monthly': [34.238019311286806], 'starting_deviation': [159.0], 'strength_eta': [197.2378534391752]}}",,,0,2022-09-17 06:02:47.253,2022-09-17 06:02:47.376,1.4180900459896075,ok,30.384799963296793,34.238019311286806,159.0,197.2378534391752
2,21,,"{'loss': 1.4179744122391855, 'params': {'c_annual': 31.00413186138181, 'c_monthly': 33.07042260177877, 'starting_deviation': 149.0, 'strength_eta': 197.4876444684128}, 'status': 'ok'}","{'tid': 21, 'cmd': ('domain_attachment', 'FMinIter_Domain'), 'workdir': None, 'idxs': {'c_annual': [21], 'c_monthly': [21], 'starting_deviation': [21], 'strength_eta': [21]}, 'vals': {'c_annual': [31.00413186138181], 'c_monthly': [33.07042260177877], 'starting_deviation': [149.0], 'strength_eta': [197.4876444684128]}}",,,0,2022-09-17 06:02:47.392,2022-09-17 06:02:47.577,1.4179744122391855,ok,31.00413186138181,33.07042260177877,149.0,197.4876444684128
2,22,,"{'loss': 1.417955967868827, 'params': {'c_annual': 30.046513771381676, 'c_monthly': 33.12271946156047, 'starting_deviation': 148.0, 'strength_eta': 198.15490369766724}, 'status': 'ok'}","{'tid': 22, 'cmd': ('domain_attachment', 'FMinIter_Domain'), 'workdir': None, 'idxs': {'c_annual': [22], 'c_monthly': [22], 'starting_deviation': [22], 'strength_eta': [22]}, 'vals': {'c_annual': [30.046513771381676], 'c_monthly': [33.12271946156047], 'starting_deviation': [148.0], 'strength_eta': [198.15490369766724]}}",,,0,2022-09-17 06:02:47.594,2022-09-17 06:02:47.713,1.417955967868827,ok,30.046513771381676,33.12271946156047,148.0,198.15490369766724
2,23,,"{'loss': 1.4223253670753628, 'params': {'c_annual': 30.37495087890644, 'c_monthly': 32.567735191076096, 'starting_deviation': 51.0, 'strength_eta': 21.316402936026222}, 'status': 'ok'}","{'tid': 23, 'cmd': ('domain_attachment', 'FMinIter_Domain'), 'workdir': None, 'idxs': {'c_annual': [23], 'c_monthly': [23], 'starting_deviation': [23], 'strength_eta': [23]}, 'vals': {'c_annual': [30.37495087890644], 'c_monthly': [32.567735191076096], 'starting_deviation': [51.0], 'strength_eta': [21.316402936026222]}}",,,0,2022-09-17 06:02:47.730,2022-09-17 06:02:47.857,1.4223253670753628,ok,30.37495087890644,32.567735191076096,51.0,21.316402936026222
2,24,,"{'loss': 1.4193418984763941, 'params': {'c_annual': 30.03960127256608, 'c_monthly': 38.307573708504044, 'starting_deviation': 311.0, 'strength_eta': 197.72513219586986}, 'status': 'ok'}","{'tid': 24, 'cmd': ('domain_attachment', 'FMinIter_Domain'), 'workdir': None, 'idxs': {'c_annual': [24], 'c_monthly': [24], 'starting_deviation': [24], 'strength_eta': [24]}, 'vals': {'c_annual': [30.03960127256608], 'c_monthly': [38.307573708504044], 'starting_deviation': [311.0], 'strength_eta': [197.72513219586986]}}",,,0,2022-09-17 06:02:47.873,2022-09-17 06:02:47.988,1.4193418984763941,ok,30.03960127256608,38.307573708504044,311.0,197.72513219586986
2,25,,"{'loss': 1.4176585927051348, 'params': {'c_annual': 26.243919541835112, 'c_monthly': 30.576806254155898, 'starting_deviation': 90.0, 'strength_eta': 187.59259160937532}, 'status': 'ok'}","{'tid': 25, 'cmd': ('domain_attachment', 'FMinIter_Domain'), 'workdir': None, 'idxs': {'c_annual': [25], 'c_monthly': [25], 'starting_deviation': [25], 'strength_eta': [25]}, 'vals': {'c_annual': [26.243919541835112], 'c_monthly': [30.576806254155898], 'starting_deviation': [90.0], 'strength_eta': [187.59259160937532]}}",,,0,2022-09-17 06:02:48.006,2022-09-17 06:02:48.139,1.4176585927051348,ok,26.243919541835112,30.576806254155898,90.0,187.59259160937532
2,26,,"{'loss': 1.4177049379682196, 'params': {'c_annual': 4.9464429411641575, 'c_monthly': 29.599694646565588, 'starting_deviation': 85.0, 'strength_eta': 179.953427882389}, 'status': 'ok'}","{'tid': 26, 'cmd': ('domain_attachment', 'FMinIter_Domain'), 'workdir': None, 'idxs': {'c_annual': [26], 'c_monthly': [26], 'starting_deviation': [26], 'strength_eta': [26]}, 'vals': {'c_annual': [4.9464429411641575], 'c_monthly': [29.599694646565588], 'starting_deviation': [85.0], 'strength_eta': [179.953427882389]}}",,,0,2022-09-17 06:02:48.155,2022-09-17 06:02:48.275,1.4177049379682196,ok,4.9464429411641575,29.599694646565588,85.0,179.953427882389
2,27,,"{'loss': 1.4181636714037742, 'params': {'c_annual': 3.38643401806097, 'c_monthly': 20.65761174808307, 'starting_deviation': 84.0, 'strength_eta': 143.65637465309052}, 'status': 'ok'}","{'tid': 27, 'cmd': ('domain_attachment', 'FMinIter_Domain'), 'workdir': None, 'idxs': {'c_annual': [27], 'c_monthly': [27], 'starting_deviation': [27], 'strength_eta': [27]}, 'vals': {'c_annual': [3.38643401806097], 'c_monthly': [20.65761174808307], 'starting_deviation': [84.0], 'strength_eta': [143.65637465309052]}}",,,0,2022-09-17 06:02:48.291,2022-09-17 06:02:48.413,1.4181636714037742,ok,3.38643401806097,20.65761174808307,84.0,143.65637465309052
2,28,,"{'loss': 1.422060304678176, 'params': {'c_annual': 6.401975278093547, 'c_monthly': 28.522713123682227, 'starting_deviation': 256.0, 'strength_eta': 56.86173555776696}, 'status': 'ok'}","{'tid': 28, 'cmd': ('domain_attachment', 'FMinIter_Domain'), 'workdir': None, 'idxs': {'c_annual': [28], 'c_monthly': [28], 'starting_deviation': [28], 'strength_eta': [28]}, 'vals': {'c_annual': [6.401975278093547], 'c_monthly': [28.522713123682227], 'starting_deviation': [256.0], 'strength_eta': [56.86173555776696]}}",,,0,2022-09-17 06:02:48.430,2022-09-17 06:02:48.549,1.422060304678176,ok,6.401975278093547,28.522713123682227,256.0,56.86173555776696
2,29,,"{'loss': 1.417328666068735, 'params': {'c_annual': 0.4325506946257258, 'c_monthly': 21.22795745756033, 'starting_deviation': 84.0, 'strength_eta': 184.7204798029818}, 'status': 'ok'}","{'tid': 29, 'cmd': ('domain_attachment', 'FMinIter_Domain'), 'workdir': None, 'idxs': {'c_annual': [29], 'c_monthly': [29], 'starting_deviation': [29], 'strength_eta': [29]}, 'vals': {'c_annual': [0.4325506946257258], 'c_monthly': [21.22795745756033], 'starting_deviation': [84.0], 'strength_eta': [184.7204798029818]}}",,,0,2022-09-17 06:02:48.566,2022-09-17 06:02:48.696,1.417328666068735,ok,0.4325506946257258,21.22795745756033,84.0,184.7204798029818
2,30,,"{'loss': 1.4183542484675062, 'params': {'c_annual': 11.101013223884841, 'c_monthly': 0.5400246545629415, 'starting_deviation': 214.0, 'strength_eta': 153.5139180652542}, 'status': 'ok'}","{'tid': 30, 'cmd': ('domain_attachment', 'FMinIter_Domain'), 'workdir': None, 'idxs': {'c_annual': [30], 'c_monthly': [30], 'starting_deviation': [30], 'strength_eta': [30]}, 'vals': {'c_annual': [11.101013223884841], 'c_monthly': [0.5400246545629415], 'starting_deviation': [214.0], 'strength_eta': [153.5139180652542]}}",,,0,2022-09-17 06:02:48.713,2022-09-17 06:02:48.838,1.4183542484675062,ok,11.101013223884841,0.5400246545629415,214.0,153.5139180652542
2,31,,"{'loss': 1.4173586525608608, 'params': {'c_annual': 49.83511033442444, 'c_monthly': 20.728666811158778, 'starting_deviation': 72.0, 'strength_eta': 185.28994438180243}, 'status': 'ok'}","{'tid': 31, 'cmd': ('domain_attachment', 'FMinIter_Domain'), 'workdir': None, 'idxs': {'c_annual': [31], 'c_monthly': [31], 'starting_deviation': [31], 'strength_eta': [31]}, 'vals': {'c_annual': [49.83511033442444], 'c_monthly': [20.728666811158778], 'starting_deviation': [72.0], 'strength_eta': [185.28994438180243]}}",,,0,2022-09-17 06:02:48.855,2022-09-17 06:02:48.979,1.4173586525608608,ok,49.83511033442444,20.728666811158778,72.0,185.28994438180243
2,32,,"{'loss': 1.4201154969488046, 'params': {'c_annual': 48.0020208622643, 'c_monthly': 8.99663459826871, 'starting_deviation': 53.0, 'strength_eta': 67.4343924851346}, 'status': 'ok'}","{'tid': 32, 'cmd': ('domain_attachment', 'FMinIter_Domain'), 'workdir': None, 'idxs': {'c_annual': [32], 'c_monthly': [32], 'starting_deviation': [32], 'strength_eta': [32]}, 'vals': {'c_annual': [48.0020208622643], 'c_monthly': [8.99663459826871], 'starting_deviation': [53.0], 'strength_eta': [67.4343924851346]}}",,,0,2022-09-17 06:02:48.999,2022-09-17 06:02:49.116,1.4201154969488046,ok,48.0020208622643,8.99663459826871,53.0,67.4343924851346
2,33,,"{'loss': 1.4227773116314648, 'params': {'c_annual': 49.29747656464315, 'c_monthly': 21.157211806675924, 'starting_deviation': 293.0, 'strength_eta': 35.15678261110935}, 'status': 'ok'}","{'tid': 33, 'cmd': ('domain_attachment', 'FMinIter_Domain'), 'workdir': None, 'idxs': {'c_annual': [33], 'c_monthly': [33], 'starting_deviation': [33], 'strength_eta': [33]}, 'vals': {'c_annual': [49.29747656464315], 'c_monthly': [21.157211806675924], 'starting_deviation': [293.0], 'strength_eta': [35.15678261110935]}}",,,0,2022-09-17 06:02:49.134,2022-09-17 06:02:49.261,1.4227773116314648,ok,49.29747656464315,21.157211806675924,293.0,35.15678261110935
2,34,,"{'loss': 1.4188135412667302, 'params': {'c_annual': 0.7670935236858476, 'c_monthly': 12.865014326467145, 'starting_deviation': 181.0, 'strength_eta': 131.9971910413069}, 'status': 'ok'}","{'tid': 34, 'cmd': ('domain_attachment', 'FMinIter_Domain'), 'workdir': None, 'idxs': {'c_annual': [34], 'c_monthly': [34], 'starting_deviation': [34], 'strength_eta': [34]}, 'vals': {'c_annual': [0.7670935236858476], 'c_monthly': [12.865014326467145], 'starting_deviation': [181.0], 'strength_eta': [131.9971910413069]}}",,,0,2022-09-17 06:02:49.284,2022-09-17 06:02:49.417,1.4188135412667302,ok,0.7670935236858476,12.865014326467145,181.0,131.9971910413069
2,35,,"{'loss': 1.417352364340762, 'params': {'c_annual': 7.987484272451503, 'c_monthly': 4.186117486108401, 'starting_deviation': 120.0, 'strength_eta': 170.0997789843695}, 'status': 'ok'}","{'tid': 35, 'cmd': ('domain_attachment', 'FMinIter_Domain'), 'workdir': None, 'idxs': {'c_annual': [35], 'c_monthly': [35], 'starting_deviation': [35], 'strength_eta': [35]}, 'vals': {'c_annual': [7.987484272451503], 'c_monthly': [4.186117486108401], 'starting_deviation': [120.0], 'strength_eta': [170.0997789843695]}}",,,0,2022-09-17 06:02:49.436,2022-09-17 06:02:49.551,1.417352364340762,ok,7.987484272451503,4.186117486108401,120.0,170.0997789843695
2,36,,"{'loss': 1.4174849336692028, 'params': {'c_annual': 7.508113885296382, 'c_monthly': 1.0906216134561681, 'starting_deviation': 124.0, 'strength_eta': 163.49245677810637}, 'status': 'ok'}","{'tid': 36, 'cmd': ('domain_attachment', 'FMinIter_Domain'), 'workdir': None, 'idxs': {'c_annual': [36], 'c_monthly': [36], 'starting_deviation': [36], 'strength_eta': [36]}, 'vals': {'c_annual': [7.508113885296382], 'c_monthly': [1.0906216134561681], 'starting_deviation': [124.0], 'strength_eta': [163.49245677810637]}}",,,0,2022-09-17 06:02:49.573,2022-09-17 06:02:49.695,1.4174849336692028,ok,7.508113885296382,1.0906216134561681,124.0,163.49245677810637
2,37,,"{'loss': 1.4173609099941529, 'params': {'c_annual': 13.99951608089745, 'c_monthly': 5.25149994674481, 'starting_deviation': 118.0, 'strength_eta': 170.0456869543856}, 'status': 'ok'}","{'tid': 37, 'cmd': ('domain_attachment', 'FMinIter_Domain'), 'workdir': None, 'idxs': {'c_annual': [37], 'c_monthly': [37], 'starting_deviation': [37], 'strength_eta': [37]}, 'vals': {'c_annual': [13.99951608089745], 'c_monthly': [5.25149994674481], 'starting_deviation': [118.0], 'strength_eta': [170.0456869543856]}}",,,0,2022-09-17 06:02:49.714,2022-09-17 06:02:49.834,1.4173609099941529,ok,13.99951608089745,5.25149994674481,118.0,170.0456869543856
2,38,,"{'loss': 1.4185743020846089, 'params': {'c_annual': 2.916839737524402, 'c_monthly': 8.70994515108407, 'starting_deviation': 236.0, 'strength_eta': 155.87605726060198}, 'status': 'ok'}","{'tid': 38, 'cmd': ('domain_attachment', 'FMinIter_Domain'), 'workdir': None, 'idxs': {'c_annual': [38], 'c_monthly': [38], 'starting_deviation': [38], 'strength_eta': [38]}, 'vals': {'c_annual': [2.916839737524402], 'c_monthly': [8.70994515108407], 'starting_deviation': [236.0], 'strength_eta': [155.87605726060198]}}",,,0,2022-09-17 06:02:49.853,2022-09-17 06:02:49.968,1.4185743020846089,ok,2.916839737524402,8.70994515108407,236.0,155.87605726060198
2,39,,"{'loss': 1.4197433789486482, 'params': {'c_annual': 8.855305786483482, 'c_monthly': 3.5322515569840007, 'starting_deviation': 177.0, 'strength_eta': 90.83743276097069}, 'status': 'ok'}","{'tid': 39, 'cmd': ('domain_attachment', 'FMinIter_Domain'), 'workdir': None, 'idxs': {'c_annual': [39], 'c_monthly': [39], 'starting_deviation': [39], 'strength_eta': [39]}, 'vals': {'c_annual': [8.855305786483482], 'c_monthly': [3.5322515569840007], 'starting_deviation': [177.0], 'strength_eta': [90.83743276097069]}}",,,0,2022-09-17 06:02:49.987,2022-09-17 06:02:50.104,1.4197433789486482,ok,8.855305786483482,3.5322515569840007,177.0,90.83743276097069
2,40,,"{'loss': 1.4196790883810657, 'params': {'c_annual': 17.404307923813647, 'c_monthly': 6.16902953952742, 'starting_deviation': 268.0, 'strength_eta': 116.69435689920417}, 'status': 'ok'}","{'tid': 40, 'cmd': ('domain_attachment', 'FMinIter_Domain'), 'workdir': None, 'idxs': {'c_annual': [40], 'c_monthly': [40], 'starting_deviation': [40], 'strength_eta': [40]}, 'vals': {'c_annual': [17.404307923813647], 'c_monthly': [6.16902953952742], 'starting_deviation': [268.0], 'strength_eta': [116.69435689920417]}}",,,0,2022-09-17 06:02:50.123,2022-09-17 06:02:50.253,1.4196790883810657,ok,17.404307923813647,6.16902953952742,268.0,116.69435689920417
2,41,,"{'loss': 1.4186971130558597, 'params': {'c_annual': 11.525092793019642, 'c_monthly': 17.056777529811747, 'starting_deviation': 215.0, 'strength_eta': 153.15143388695762}, 'status': 'ok'}","{'tid': 41, 'cmd': ('domain_attachment', 'FMinIter_Domain'), 'workdir': None, 'idxs': {'c_annual': [41], 'c_monthly': [41], 'starting_deviation': [41], 'strength_eta': [41]}, 'vals': {'c_annual': [11.525092793019642], 'c_monthly': [17.056777529811747], 'starting_deviation': [215.0], 'strength_eta': [153.15143388695762]}}",,,0,2022-09-17 06:02:50.277,2022-09-17 06:02:50.400,1.4186971130558597,ok,11.525092793019642,17.056777529811747,215.0,153.15143388695762
2,42,,"{'loss': 1.4187435705733011, 'params': {'c_annual': 0.13538417638582545, 'c_monthly': 45.531284792760175, 'starting_deviation': 103.0, 'strength_eta': 166.34930987665456}, 'status': 'ok'}","{'tid': 42, 'cmd': ('domain_attachment', 'FMinIter_Domain'), 'workdir': None, 'idxs': {'c_annual': [42], 'c_monthly': [42], 'starting_deviation': [42], 'strength_eta': [42]}, 'vals': {'c_annual': [0.13538417638582545], 'c_monthly': [45.531284792760175], 'starting_deviation': [103.0], 'strength_eta': [166.34930987665456]}}",,,0,2022-09-17 06:02:50.419,2022-09-17 06:02:50.537,1.4187435705733011,ok,0.13538417638582545,45.531284792760175,103.0,166.34930987665456
2,43,,"{'loss': 1.4184191794794456, 'params': {'c_annual': 21.580557318569046, 'c_monthly': 11.868326171097294, 'starting_deviation': 135.0, 'strength_eta': 134.62166384171513}, 'status': 'ok'}","{'tid': 43, 'cmd': ('domain_attachment', 'FMinIter_Domain'), 'workdir': None, 'idxs': {'c_annual': [43], 'c_monthly': [43], 'starting_deviation': [43], 'strength_eta': [43]}, 'vals': {'c_annual': [21.580557318569046], 'c_monthly': [11.868326171097294], 'starting_deviation': [135.0], 'strength_eta': [134.62166384171513]}}",,,0,2022-09-17 06:02:50.621,2022-09-17 06:02:50.742,1.4184191794794456,ok,21.580557318569046,11.868326171097294,135.0,134.62166384171513
2,44,,"{'loss': 1.4182216004009698, 'params': {'c_annual': 4.660226312659979, 'c_monthly': 2.5798923547305463, 'starting_deviation': 68.0, 'strength_eta': 120.75255047456943}, 'status': 'ok'}","{'tid': 44, 'cmd': ('domain_attachment', 'FMinIter_Domain'), 'workdir': None, 'idxs': {'c_annual': [44], 'c_monthly': [44], 'starting_deviation': [44], 'strength_eta': [44]}, 'vals': {'c_annual': [4.660226312659979], 'c_monthly': [2.5798923547305463], 'starting_deviation': [68.0], 'strength_eta': [120.75255047456943]}}",,,0,2022-09-17 06:02:50.764,2022-09-17 06:02:50.887,1.4182216004009698,ok,4.660226312659979,2.5798923547305463,68.0,120.75255047456943
2,45,,"{'loss': 1.420325858045191, 'params': {'c_annual': 9.497153605118534, 'c_monthly': 26.732936867930682, 'starting_deviation': 490.0, 'strength_eta': 174.06201137308875}, 'status': 'ok'}","{'tid': 45, 'cmd': ('domain_attachment', 'FMinIter_Domain'), 'workdir': None, 'idxs': {'c_annual': [45], 'c_monthly': [45], 'starting_deviation': [45], 'strength_eta': [45]}, 'vals': {'c_annual': [9.497153605118534], 'c_monthly': [26.732936867930682], 'starting_deviation': [490.0], 'strength_eta': [174.06201137308875]}}",,,0,2022-09-17 06:02:50.906,2022-09-17 06:02:51.026,1.420325858045191,ok,9.497153605118534,26.732936867930682,490.0,174.06201137308875
2,46,,"{'loss': 1.4188286497657805, 'params': {'c_annual': 18.3696763220535, 'c_monthly': 10.222037959181586, 'starting_deviation': 235.0, 'strength_eta': 145.54321503396093}, 'status': 'ok'}","{'tid': 46, 'cmd': ('domain_attachment', 'FMinIter_Domain'), 'workdir': None, 'idxs': {'c_annual': [46], 'c_monthly': [46], 'starting_deviation': [46], 'strength_eta': [46]}, 'vals': {'c_annual': [18.3696763220535], 'c_monthly': [10.222037959181586], 'starting_deviation': [235.0], 'strength_eta': [145.54321503396093]}}",,,0,2022-09-17 06:02:51.045,2022-09-17 06:02:51.160,1.4188286497657805,ok,18.3696763220535,10.222037959181586,235.0,145.54321503396093
2,47,,"{'loss': 1.4204713403206077, 'params': {'c_annual': 15.769170631304402, 'c_monthly': 23.16481881142347, 'starting_deviation': 166.0, 'strength_eta': 82.71232734962561}, 'status': 'ok'}","{'tid': 47, 'cmd': ('domain_attachment', 'FMinIter_Domain'), 'workdir': None, 'idxs': {'c_annual': [47], 'c_monthly': [47], 'starting_deviation': [47], 'strength_eta': [47]}, 'vals': {'c_annual': [15.769170631304402], 'c_monthly': [23.16481881142347], 'starting_deviation': [166.0], 'strength_eta': [82.71232734962561]}}",,,0,2022-09-17 06:02:51.182,2022-09-17 06:02:51.309,1.4204713403206077,ok,15.769170631304402,23.16481881142347,166.0,82.71232734962561
2,48,,"{'loss': 1.4195885479021564, 'params': {'c_annual': 24.224823969438347, 'c_monthly': 14.430685516529824, 'starting_deviation': 198.0, 'strength_eta': 109.55109193847416}, 'status': 'ok'}","{'tid': 48, 'cmd': ('domain_attachment', 'FMinIter_Domain'), 'workdir': None, 'idxs': {'c_annual': [48], 'c_monthly': [48], 'starting_deviation': [48], 'strength_eta': [48]}, 'vals': {'c_annual': [24.224823969438347], 'c_monthly': [14.430685516529824], 'starting_deviation': [198.0], 'strength_eta': [109.55109193847416]}}",,,0,2022-09-17 06:02:51.328,2022-09-17 06:02:51.446,1.4195885479021564,ok,24.224823969438347,14.430685516529824,198.0,109.55109193847416
2,49,,"{'loss': 1.4223618621820926, 'params': {'c_annual': 2.3155966933902232, 'c_monthly': 49.53123755263243, 'starting_deviation': 392.0, 'strength_eta': 98.62069342342204}, 'status': 'ok'}","{'tid': 49, 'cmd': ('domain_attachment', 'FMinIter_Domain'), 'workdir': None, 'idxs': {'c_annual': [49], 'c_monthly': [49], 'starting_deviation': [49], 'strength_eta': [49]}, 'vals': {'c_annual': [2.3155966933902232], 'c_monthly': [49.53123755263243], 'starting_deviation': [392.0], 'strength_eta': [98.62069342342204]}}",,,0,2022-09-17 06:02:51.468,2022-09-17 06:02:51.591,1.4223618621820926,ok,2.3155966933902232,49.53123755263243,392.0,98.62069342342204
2,50,,"{'loss': 1.4173635451315114, 'params': {'c_annual': 13.501807497109766, 'c_monthly': 16.79053152327454, 'starting_deviation': 108.0, 'strength_eta': 182.5155943967913}, 'status': 'ok'}","{'tid': 50, 'cmd': ('domain_attachment', 'FMinIter_Domain'), 'workdir': None, 'idxs': {'c_annual': [50], 'c_monthly': [50], 'starting_deviation': [50], 'strength_eta': [50]}, 'vals': {'c_annual': [13.501807497109766], 'c_monthly': [16.79053152327454], 'starting_deviation': [108.0], 'strength_eta': [182.5155943967913]}}",,,0,2022-09-17 06:02:51.616,2022-09-17 06:02:51.735,1.4173635451315114,ok,13.501807497109766,16.79053152327454,108.0,182.5155943967913
2,51,,"{'loss': 1.4233724685898812, 'params': {'c_annual': 6.521253225900028, 'c_monthly': 6.62274235194174, 'starting_deviation': 314.0, 'strength_eta': 9.561677214978005}, 'status': 'ok'}","{'tid': 51, 'cmd': ('domain_attachment', 'FMinIter_Domain'), 'workdir': None, 'idxs': {'c_annual': [51], 'c_monthly': [51], 'starting_deviation': [51], 'strength_eta': [51]}, 'vals': {'c_annual': [6.521253225900028], 'c_monthly': [6.62274235194174], 'starting_deviation': [314.0], 'strength_eta': [9.561677214978005]}}",,,0,2022-09-17 06:02:51.756,2022-09-17 06:02:51.876,1.4233724685898812,ok,6.521253225900028,6.62274235194174,314.0,9.561677214978005
2,52,,"{'loss': 1.4225339881414365, 'params': {'c_annual': 20.62920122873154, 'c_monthly': 36.517373606570516, 'starting_deviation': 198.0, 'strength_eta': 44.25938288862291}, 'status': 'ok'}","{'tid': 52, 'cmd': ('domain_attachment', 'FMinIter_Domain'), 'workdir': None, 'idxs': {'c_annual': [52], 'c_monthly': [52], 'starting_deviation': [52], 'strength_eta': [52]}, 'vals': {'c_annual': [20.62920122873154], 'c_monthly': [36.517373606570516], 'starting_deviation': [198.0], 'strength_eta': [44.25938288862291]}}",,,0,2022-09-17 06:02:51.896,2022-09-17 06:02:52.013,1.4225339881414365,ok,20.62920122873154,36.517373606570516,198.0,44.25938288862291
2,53,,"{'loss': 1.4174985768091464, 'params': {'c_annual': 11.113683671430637, 'c_monthly': 18.98126395045191, 'starting_deviation': 144.0, 'strength_eta': 190.78858641198624}, 'status': 'ok'}","{'tid': 53, 'cmd': ('domain_attachment', 'FMinIter_Domain'), 'workdir': None, 'idxs': {'c_annual': [53], 'c_monthly': [53], 'starting_deviation': [53], 'strength_eta': [53]}, 'vals': {'c_annual': [11.113683671430637], 'c_monthly': [18.98126395045191], 'starting_deviation': [144.0], 'strength_eta': [190.78858641198624]}}",,,0,2022-09-17 06:02:52.034,2022-09-17 06:02:52.156,1.4174985768091464,ok,11.113683671430637,18.98126395045191,144.0,190.78858641198624
2,54,,"{'loss': 1.4199415118962104, 'params': {'c_annual': 33.651107030018274, 'c_monthly': 23.219512533018165, 'starting_deviation': 275.0, 'strength_eta': 127.7869934587178}, 'status': 'ok'}","{'tid': 54, 'cmd': ('domain_attachment', 'FMinIter_Domain'), 'workdir': None, 'idxs': {'c_annual': [54], 'c_monthly': [54], 'starting_deviation': [54], 'strength_eta': [54]}, 'vals': {'c_annual': [33.651107030018274], 'c_monthly': [23.219512533018165], 'starting_deviation': [275.0], 'strength_eta': [127.7869934587178]}}",,,0,2022-09-17 06:02:52.174,2022-09-17 06:02:52.298,1.4199415118962104,ok,33.651107030018274,23.219512533018165,275.0,127.7869934587178
2,55,,"{'loss': 1.4179196746720522, 'params': {'c_annual': 38.01378095327076, 'c_monthly': 27.200057083799418, 'starting_deviation': 65.0, 'strength_eta': 157.98594237141018}, 'status': 'ok'}","{'tid': 55, 'cmd': ('domain_attachment', 'FMinIter_Domain'), 'workdir': None, 'idxs': {'c_annual': [55], 'c_monthly': [55], 'starting_deviation': [55], 'strength_eta': [55]}, 'vals': {'c_annual': [38.01378095327076], 'c_monthly': [27.200057083799418], 'starting_deviation': [65.0], 'strength_eta': [157.98594237141018]}}",,,0,2022-09-17 06:02:52.324,2022-09-17 06:02:52.450,1.4179196746720522,ok,38.01378095327076,27.200057083799418,65.0,157.98594237141018
2,56,,"{'loss': 1.4182670078009436, 'params': {'c_annual': 0.030381235814446794, 'c_monthly': 3.582505657591678, 'starting_deviation': 160.0, 'strength_eta': 140.1620014860268}, 'status': 'ok'}","{'tid': 56, 'cmd': ('domain_attachment', 'FMinIter_Domain'), 'workdir': None, 'idxs': {'c_annual': [56], 'c_monthly': [56], 'starting_deviation': [56], 'strength_eta': [56]}, 'vals': {'c_annual': [0.030381235814446794], 'c_monthly': [3.582505657591678], 'starting_deviation': [160.0], 'strength_eta': [140.1620014860268]}}",,,0,2022-09-17 06:02:52.474,2022-09-17 06:02:52.588,1.4182670078009436,ok,0.030381235814446794,3.582505657591678,160.0,140.1620014860268
2,57,,"{'loss': 1.4199474906243168, 'params': {'c_annual': 27.200730595055255, 'c_monthly': 39.84467422474222, 'starting_deviation': 330.0, 'strength_eta': 173.6110456956333}, 'status': 'ok'}","{'tid': 57, 'cmd': ('domain_attachment', 'FMinIter_Domain'), 'workdir': None, 'idxs': {'c_annual': [57], 'c_monthly': [57], 'starting_deviation': [57], 'strength_eta': [57]}, 'vals': {'c_annual': [27.200730595055255], 'c_monthly': [39.84467422474222], 'starting_deviation': [330.0], 'strength_eta': [173.6110456956333]}}",,,0,2022-09-17 06:02:52.607,2022-09-17 06:02:52.729,1.4199474906243168,ok,27.200730595055255,39.84467422474222,330.0,173.6110456956333
2,58,,"{'loss': 1.420943961269871, 'params': {'c_annual': 23.525940129906758, 'c_monthly': 35.44159335577951, 'starting_deviation': 98.0, 'strength_eta': 71.37403331683906}, 'status': 'ok'}","{'tid': 58, 'cmd': ('domain_attachment', 'FMinIter_Domain'), 'workdir': None, 'idxs': {'c_annual': [58], 'c_monthly': [58], 'starting_deviation': [58], 'strength_eta': [58]}, 'vals': {'c_annual': [23.525940129906758], 'c_monthly': [35.44159335577951], 'starting_deviation': [98.0], 'strength_eta': [71.37403331683906]}}",,,0,2022-09-17 06:02:52.750,2022-09-17 06:02:52.872,1.420943961269871,ok,23.525940129906758,35.44159335577951,98.0,71.37403331683906
2,59,,"{'loss': 1.421264221627508, 'params': {'c_annual': 28.03814828979747, 'c_monthly': 15.382680218780889, 'starting_deviation': 432.0, 'strength_eta': 98.21633822156254}, 'status': 'ok'}","{'tid': 59, 'cmd': ('domain_attachment', 'FMinIter_Domain'), 'workdir': None, 'idxs': {'c_annual': [59], 'c_monthly': [59], 'starting_deviation': [59], 'strength_eta': [59]}, 'vals': {'c_annual': [28.03814828979747], 'c_monthly': [15.382680218780889], 'starting_deviation': [432.0], 'strength_eta': [98.21633822156254]}}",,,0,2022-09-17 06:02:52.892,2022-09-17 06:02:53.015,1.421264221627508,ok,28.03814828979747,15.382680218780889,432.0,98.21633822156254
2,60,,"{'loss': 1.4170284821440358, 'params': {'c_annual': 4.843986454600442, 'c_monthly': 10.653388858842238, 'starting_deviation': 133.0, 'strength_eta': 199.7461164606941}, 'status': 'ok'}","{'tid': 60, 'cmd': ('domain_attachment', 'FMinIter_Domain'), 'workdir': None, 'idxs': {'c_annual': [60], 'c_monthly': [60], 'starting_deviation': [60], 'strength_eta': [60]}, 'vals': {'c_annual': [4.843986454600442], 'c_monthly': [10.653388858842238], 'starting_deviation': [133.0], 'strength_eta': [199.7461164606941]}}",,,0,2022-09-17 06:02:53.034,2022-09-17 06:02:53.156,1.4170284821440358,ok,4.843986454600442,10.653388858842238,133.0,199.7461164606941
2,61,,"{'loss': 1.418124056973218, 'params': {'c_annual': 4.689536411886211, 'c_monthly': 19.629967343491387, 'starting_deviation': 223.0, 'strength_eta': 189.74964210830768}, 'status': 'ok'}","{'tid': 61, 'cmd': ('domain_attachment', 'FMinIter_Domain'), 'workdir': None, 'idxs': {'c_annual': [61], 'c_monthly': [61], 'starting_deviation': [61], 'strength_eta': [61]}, 'vals': {'c_annual': [4.689536411886211], 'c_monthly': [19.629967343491387], 'starting_deviation': [223.0], 'strength_eta': [189.74964210830768]}}",,,0,2022-09-17 06:02:53.177,2022-09-17 06:02:53.316,1.418124056973218,ok,4.689536411886211,19.629967343491387,223.0,189.74964210830768
2,62,,"{'loss': 1.4175750044135258, 'params': {'c_annual': 19.542922959976266, 'c_monthly': 13.082184928691603, 'starting_deviation': 195.0, 'strength_eta': 197.96580089711273}, 'status': 'ok'}","{'tid': 62, 'cmd': ('domain_attachment', 'FMinIter_Domain'), 'workdir': None, 'idxs': {'c_annual': [62], 'c_monthly': [62], 'starting_deviation': [62], 'strength_eta': [62]}, 'vals': {'c_annual': [19.542922959976266], 'c_monthly': [13.082184928691603], 'starting_deviation': [195.0], 'strength_eta': [197.96580089711273]}}",,,0,2022-09-17 06:02:53.344,2022-09-17 06:02:53.465,1.4175750044135258,ok,19.542922959976266,13.082184928691603,195.0,197.96580089711273
2,63,,"{'loss': 1.4183649897743296, 'params': {'c_annual': 17.046534986234946, 'c_monthly': 31.7477941945819, 'starting_deviation': 78.0, 'strength_eta': 148.40662801468287}, 'status': 'ok'}","{'tid': 63, 'cmd': ('domain_attachment', 'FMinIter_Domain'), 'workdir': None, 'idxs': {'c_annual': [63], 'c_monthly': [63], 'starting_deviation': [63], 'strength_eta': [63]}, 'vals': {'c_annual': [17.046534986234946], 'c_monthly': [31.7477941945819], 'starting_deviation': [78.0], 'strength_eta': [148.40662801468287]}}",,,0,2022-09-17 06:02:53.486,2022-09-17 06:02:53.597,1.4183649897743296,ok,17.046534986234946,31.7477941945819,78.0,148.40662801468287
2,64,,"{'loss': 1.4172396555559663, 'params': {'c_annual': 1.9343748613753249, 'c_monthly': 22.66527272815955, 'starting_deviation': 50.0, 'strength_eta': 179.954491736991}, 'status': 'ok'}","{'tid': 64, 'cmd': ('domain_attachment', 'FMinIter_Domain'), 'workdir': None, 'idxs': {'c_annual': [64], 'c_monthly': [64], 'starting_deviation': [64], 'strength_eta': [64]}, 'vals': {'c_annual': [1.9343748613753249], 'c_monthly': [22.66527272815955], 'starting_deviation': [50.0], 'strength_eta': [179.954491736991]}}",,,0,2022-09-17 06:02:53.617,2022-09-17 06:02:53.805,1.4172396555559663,ok,1.9343748613753249,22.66527272815955,50.0,179.954491736991
2,65,,"{'loss': 1.4172613624355253, 'params': {'c_annual': 1.5129610159490126, 'c_monthly': 23.450616052854663, 'starting_deviation': 52.0, 'strength_eta': 180.0084616905776}, 'status': 'ok'}","{'tid': 65, 'cmd': ('domain_attachment', 'FMinIter_Domain'), 'workdir': None, 'idxs': {'c_annual': [65], 'c_monthly': [65], 'starting_deviation': [65], 'strength_eta': [65]}, 'vals': {'c_annual': [1.5129610159490126], 'c_monthly': [23.450616052854663], 'starting_deviation': [52.0], 'strength_eta': [180.0084616905776]}}",,,0,2022-09-17 06:02:53.825,2022-09-17 06:02:53.941,1.4172613624355253,ok,1.5129610159490126,23.450616052854663,52.0,180.0084616905776
2,66,,"{'loss': 1.4173935231534625, 'params': {'c_annual': 2.752726576346592, 'c_monthly': 28.90663201667712, 'starting_deviation': 51.0, 'strength_eta': 178.67144044054237}, 'status': 'ok'}","{'tid': 66, 'cmd': ('domain_attachment', 'FMinIter_Domain'), 'workdir': None, 'idxs': {'c_annual': [66], 'c_monthly': [66], 'starting_deviation': [66], 'strength_eta': [66]}, 'vals': {'c_annual': [2.752726576346592], 'c_monthly': [28.90663201667712], 'starting_deviation': [51.0], 'strength_eta': [178.67144044054237]}}",,,0,2022-09-17 06:02:53.960,2022-09-17 06:02:54.078,1.4173935231534625,ok,2.752726576346592,28.90663201667712,51.0,178.67144044054237
2,67,,"{'loss': 1.4170557379784232, 'params': {'c_annual': 5.903254244622622, 'c_monthly': 23.234472133790945, 'starting_deviation': 60.0, 'strength_eta': 194.38744886523017}, 'status': 'ok'}","{'tid': 67, 'cmd': ('domain_attachment', 'FMinIter_Domain'), 'workdir': None, 'idxs': {'c_annual': [67], 'c_monthly': [67], 'starting_deviation': [67], 'strength_eta': [67]}, 'vals': {'c_annual': [5.903254244622622], 'c_monthly': [23.234472133790945], 'starting_deviation': [60.0], 'strength_eta': [194.38744886523017]}}",,,0,2022-09-17 06:02:54.102,2022-09-17 06:02:54.227,1.4170557379784232,ok,5.903254244622622,23.234472133790945,60.0,194.38744886523017
2,68,,"{'loss': 1.4171527315119337, 'params': {'c_annual': 9.629944207060271, 'c_monthly': 10.649051772606677, 'starting_deviation': 135.0, 'strength_eta': 193.0498622406564}, 'status': 'ok'}","{'tid': 68, 'cmd': ('domain_attachment', 'FMinIter_Domain'), 'workdir': None, 'idxs': {'c_annual': [68], 'c_monthly': [68], 'starting_deviation': [68], 'strength_eta': [68]}, 'vals': {'c_annual': [9.629944207060271], 'c_monthly': [10.649051772606677], 'starting_deviation': [135.0], 'strength_eta': [193.0498622406564]}}",,,0,2022-09-17 06:02:54.246,2022-09-17 06:02:54.375,1.4171527315119337,ok,9.629944207060271,10.649051772606677,135.0,193.0498622406564
2,69,,"{'loss': 1.4171433420649258, 'params': {'c_annual': 9.643843211060162, 'c_monthly': 10.399658122498831, 'starting_deviation': 138.0, 'strength_eta': 194.3695620772606}, 'status': 'ok'}","{'tid': 69, 'cmd': ('domain_attachment', 'FMinIter_Domain'), 'workdir': None, 'idxs': {'c_annual': [69], 'c_monthly': [69], 'starting_deviation': [69], 'strength_eta': [69]}, 'vals': {'c_annual': [9.643843211060162], 'c_monthly': [10.399658122498831], 'starting_deviation': [138.0], 'strength_eta': [194.3695620772606]}}",,,0,2022-09-17 06:02:54.394,2022-09-17 06:02:54.515,1.4171433420649258,ok,9.643843211060162,10.399658122498831,138.0,194.3695620772606
2,70,,"{'loss': 1.4178825886027986, 'params': {'c_annual': 14.81671186072148, 'c_monthly': 1.5152540122402414, 'starting_deviation': 175.0, 'strength_eta': 161.70215208939578}, 'status': 'ok'}","{'tid': 70, 'cmd': ('domain_attachment', 'FMinIter_Domain'), 'workdir': None, 'idxs': {'c_annual': [70], 'c_monthly': [70], 'starting_deviation': [70], 'strength_eta': [70]}, 'vals': {'c_annual': [14.81671186072148], 'c_monthly': [1.5152540122402414], 'starting_deviation': [175.0], 'strength_eta': [161.70215208939578]}}",,,0,2022-09-17 06:02:54.533,2022-09-17 06:02:54.651,1.4178825886027986,ok,14.81671186072148,1.5152540122402414,175.0,161.70215208939578
2,71,,"{'loss': 1.4180405931125781, 'params': {'c_annual': 12.619953133285076, 'c_monthly': 16.248675570647407, 'starting_deviation': 113.0, 'strength_eta': 149.973487268977}, 'status': 'ok'}","{'tid': 71, 'cmd': ('domain_attachment', 'FMinIter_Domain'), 'workdir': None, 'idxs': {'c_annual': [71], 'c_monthly': [71], 'starting_deviation': [71], 'strength_eta': [71]}, 'vals': {'c_annual': [12.619953133285076], 'c_monthly': [16.248675570647407], 'starting_deviation': [113.0], 'strength_eta': [149.973487268977]}}",,,0,2022-09-17 06:02:54.670,2022-09-17 06:02:54.792,1.4180405931125781,ok,12.619953133285076,16.248675570647407,113.0,149.973487268977
2,72,,"{'loss': 1.4172001093554496, 'params': {'c_annual': 6.144093887672113, 'c_monthly': 7.6600440927506455, 'starting_deviation': 150.0, 'strength_eta': 192.0518876899753}, 'status': 'ok'}","{'tid': 72, 'cmd': ('domain_attachment', 'FMinIter_Domain'), 'workdir': None, 'idxs': {'c_annual': [72], 'c_monthly': [72], 'starting_deviation': [72], 'strength_eta': [72]}, 'vals': {'c_annual': [6.144093887672113], 'c_monthly': [7.6600440927506455], 'starting_deviation': [150.0], 'strength_eta': [192.0518876899753]}}",,,0,2022-09-17 06:02:54.813,2022-09-17 06:02:54.930,1.4172001093554496,ok,6.144093887672113,7.6600440927506455,150.0,192.0518876899753
2,73,,"{'loss': 1.417309750622341, 'params': {'c_annual': 4.147633543079063, 'c_monthly': 25.039935849761292, 'starting_deviation': 99.0, 'strength_eta': 198.2376774750022}, 'status': 'ok'}","{'tid': 73, 'cmd': ('domain_attachment', 'FMinIter_Domain'), 'workdir': None, 'idxs': {'c_annual': [73], 'c_monthly': [73], 'starting_deviation': [73], 'strength_eta': [73]}, 'vals': {'c_annual': [4.147633543079063], 'c_monthly': [25.039935849761292], 'starting_deviation': [99.0], 'strength_eta': [198.2376774750022]}}",,,0,2022-09-17 06:02:54.953,2022-09-17 06:02:55.067,1.417309750622341,ok,4.147633543079063,25.039935849761292,99.0,198.2376774750022
2,74,,"{'loss': 1.4175637109471186, 'params': {'c_annual': 7.74410491486781, 'c_monthly': 10.16434071686497, 'starting_deviation': 135.0, 'strength_eta': 170.04660610878517}, 'status': 'ok'}","{'tid': 74, 'cmd': ('domain_attachment', 'FMinIter_Domain'), 'workdir': None, 'idxs': {'c_annual': [74], 'c_monthly': [74], 'starting_deviation': [74], 'strength_eta': [74]}, 'vals': {'c_annual': [7.74410491486781], 'c_monthly': [10.16434071686497], 'starting_deviation': [135.0], 'strength_eta': [170.04660610878517]}}",,,0,2022-09-17 06:02:55.089,2022-09-17 06:02:55.211,1.4175637109471186,ok,7.74410491486781,10.16434071686497,135.0,170.04660610878517
2,75,,"{'loss': 1.4175377179348871, 'params': {'c_annual': 12.078409488840755, 'c_monthly': 13.759475598206189, 'starting_deviation': 91.0, 'strength_eta': 164.21037272554958}, 'status': 'ok'}","{'tid': 75, 'cmd': ('domain_attachment', 'FMinIter_Domain'), 'workdir': None, 'idxs': {'c_annual': [75], 'c_monthly': [75], 'starting_deviation': [75], 'strength_eta': [75]}, 'vals': {'c_annual': [12.078409488840755], 'c_monthly': [13.759475598206189], 'starting_deviation': [91.0], 'strength_eta': [164.21037272554958]}}",,,0,2022-09-17 06:02:55.231,2022-09-17 06:02:55.366,1.4175377179348871,ok,12.078409488840755,13.759475598206189,91.0,164.21037272554958
2,76,,"{'loss': 1.4180689108431148, 'params': {'c_annual': 6.117099123786237, 'c_monthly': 11.21762590147347, 'starting_deviation': 239.0, 'strength_eta': 186.21935813678255}, 'status': 'ok'}","{'tid': 76, 'cmd': ('domain_attachment', 'FMinIter_Domain'), 'workdir': None, 'idxs': {'c_annual': [76], 'c_monthly': [76], 'starting_deviation': [76], 'strength_eta': [76]}, 'vals': {'c_annual': [6.117099123786237], 'c_monthly': [11.21762590147347], 'starting_deviation': [239.0], 'strength_eta': [186.21935813678255]}}",,,0,2022-09-17 06:02:55.395,2022-09-17 06:02:55.521,1.4180689108431148,ok,6.117099123786237,11.21762590147347,239.0,186.21935813678255
2,77,,"{'loss': 1.4180584733237291, 'params': {'c_annual': 16.98363838619562, 'c_monthly': 17.4883355959998, 'starting_deviation': 64.0, 'strength_eta': 139.5157345653218}, 'status': 'ok'}","{'tid': 77, 'cmd': ('domain_attachment', 'FMinIter_Domain'), 'workdir': None, 'idxs': {'c_annual': [77], 'c_monthly': [77], 'starting_deviation': [77], 'strength_eta': [77]}, 'vals': {'c_annual': [16.98363838619562], 'c_monthly': [17.4883355959998], 'starting_deviation': [64.0], 'strength_eta': [139.5157345653218]}}",,,0,2022-09-17 06:02:55.543,2022-09-17 06:02:55.660,1.4180584733237291,ok,16.98363838619562,17.4883355959998,64.0,139.5157345653218
2,78,,"{'loss': 1.4188404776603223, 'params': {'c_annual': 22.68930316216011, 'c_monthly': 15.266231122459763, 'starting_deviation': 254.0, 'strength_eta': 157.96938430255705}, 'status': 'ok'}","{'tid': 78, 'cmd': ('domain_attachment', 'FMinIter_Domain'), 'workdir': None, 'idxs': {'c_annual': [78], 'c_monthly': [78], 'starting_deviation': [78], 'strength_eta': [78]}, 'vals': {'c_annual': [22.68930316216011], 'c_monthly': [15.266231122459763], 'starting_deviation': [254.0], 'strength_eta': [157.96938430255705]}}",,,0,2022-09-17 06:02:55.682,2022-09-17 06:02:55.800,1.4188404776603223,ok,22.68930316216011,15.266231122459763,254.0,157.96938430255705
2,79,,"{'loss': 1.4182955167202183, 'params': {'c_annual': 44.91906449537784, 'c_monthly': 8.00484552314419, 'starting_deviation': 283.0, 'strength_eta': 194.0700285272519}, 'status': 'ok'}","{'tid': 79, 'cmd': ('domain_attachment', 'FMinIter_Domain'), 'workdir': None, 'idxs': {'c_annual': [79], 'c_monthly': [79], 'starting_deviation': [79], 'strength_eta': [79]}, 'vals': {'c_annual': [44.91906449537784], 'c_monthly': [8.00484552314419], 'starting_deviation': [283.0], 'strength_eta': [194.0700285272519]}}",,,0,2022-09-17 06:02:55.820,2022-09-17 06:02:55.939,1.4182955167202183,ok,44.91906449537784,8.00484552314419,283.0,194.0700285272519
2,80,,"{'loss': 1.4216050794840582, 'params': {'c_annual': 14.808547726505477, 'c_monthly': 5.717215537045871, 'starting_deviation': 126.0, 'strength_eta': 32.00743127410905}, 'status': 'ok'}","{'tid': 80, 'cmd': ('domain_attachment', 'FMinIter_Domain'), 'workdir': None, 'idxs': {'c_annual': [80], 'c_monthly': [80], 'starting_deviation': [80], 'strength_eta': [80]}, 'vals': {'c_annual': [14.808547726505477], 'c_monthly': [5.717215537045871], 'starting_deviation': [126.0], 'strength_eta': [32.00743127410905]}}",,,0,2022-09-17 06:02:55.959,2022-09-17 06:02:56.079,1.4216050794840582,ok,14.808547726505477,5.717215537045871,126.0,32.00743127410905
2,81,,"{'loss': 1.4239851206253507, 'params': {'c_annual': 10.171762306494925, 'c_monthly': 30.573195183166057, 'starting_deviation': 207.0, 'strength_eta': 2.5600166731310168}, 'status': 'ok'}","{'tid': 81, 'cmd': ('domain_attachment', 'FMinIter_Domain'), 'workdir': None, 'idxs': {'c_annual': [81], 'c_monthly': [81], 'starting_deviation': [81], 'strength_eta': [81]}, 'vals': {'c_annual': [10.171762306494925], 'c_monthly': [30.573195183166057], 'starting_deviation': [207.0], 'strength_eta': [2.5600166731310168]}}",,,0,2022-09-17 06:02:56.099,2022-09-17 06:02:56.215,1.4239851206253507,ok,10.171762306494925,30.573195183166057,207.0,2.5600166731310168
2,82,,"{'loss': 1.4175510693013293, 'params': {'c_annual': 8.814460528993196, 'c_monthly': 2.0381622288044134, 'starting_deviation': 164.0, 'strength_eta': 174.10127016538434}, 'status': 'ok'}","{'tid': 82, 'cmd': ('domain_attachment', 'FMinIter_Domain'), 'workdir': None, 'idxs': {'c_annual': [82], 'c_monthly': [82], 'starting_deviation': [82], 'strength_eta': [82]}, 'vals': {'c_annual': [8.814460528993196], 'c_monthly': [2.0381622288044134], 'starting_deviation': [164.0], 'strength_eta': [174.10127016538434]}}",,,0,2022-09-17 06:02:56.234,2022-09-17 06:02:56.369,1.4175510693013293,ok,8.814460528993196,2.0381622288044134,164.0,174.10127016538434
2,83,,"{'loss': 1.4172434123274404, 'params': {'c_annual': 10.665706946495876, 'c_monthly': 19.566697315968288, 'starting_deviation': 79.0, 'strength_eta': 185.20727301885663}, 'status': 'ok'}","{'tid': 83, 'cmd': ('domain_attachment', 'FMinIter_Domain'), 'workdir': None, 'idxs': {'c_annual': [83], 'c_monthly': [83], 'starting_deviation': [83], 'strength_eta': [83]}, 'vals': {'c_annual': [10.665706946495876], 'c_monthly': [19.566697315968288], 'starting_deviation': [79.0], 'strength_eta': [185.20727301885663]}}",,,0,2022-09-17 06:02:56.391,2022-09-17 06:02:56.517,1.4172434123274404,ok,10.665706946495876,19.566697315968288,79.0,185.20727301885663
2,84,,"{'loss': 1.4188218750707724, 'params': {'c_annual': 13.345960268726323, 'c_monthly': 6.931230806310682, 'starting_deviation': 186.0, 'strength_eta': 127.50408002673035}, 'status': 'ok'}","{'tid': 84, 'cmd': ('domain_attachment', 'FMinIter_Domain'), 'workdir': None, 'idxs': {'c_annual': [84], 'c_monthly': [84], 'starting_deviation': [84], 'strength_eta': [84]}, 'vals': {'c_annual': [13.345960268726323], 'c_monthly': [6.931230806310682], 'starting_deviation': [186.0], 'strength_eta': [127.50408002673035]}}",,,0,2022-09-17 06:02:56.539,2022-09-17 06:02:56.658,1.4188218750707724,ok,13.345960268726323,6.931230806310682,186.0,127.50408002673035
2,85,,"{'loss': 1.420204460014624, 'params': {'c_annual': 3.5013783575609985, 'c_monthly': 9.235850723142107, 'starting_deviation': 346.0, 'strength_eta': 117.62823695262223}, 'status': 'ok'}","{'tid': 85, 'cmd': ('domain_attachment', 'FMinIter_Domain'), 'workdir': None, 'idxs': {'c_annual': [85], 'c_monthly': [85], 'starting_deviation': [85], 'strength_eta': [85]}, 'vals': {'c_annual': [3.5013783575609985], 'c_monthly': [9.235850723142107], 'starting_deviation': [346.0], 'strength_eta': [117.62823695262223]}}",,,0,2022-09-17 06:02:56.678,2022-09-17 06:02:56.795,1.420204460014624,ok,3.5013783575609985,9.235850723142107,346.0,117.62823695262223
2,86,,"{'loss': 1.4189063569568363, 'params': {'c_annual': 19.954260436938654, 'c_monthly': 0.23596775331482434, 'starting_deviation': 226.0, 'strength_eta': 133.65153630129993}, 'status': 'ok'}","{'tid': 86, 'cmd': ('domain_attachment', 'FMinIter_Domain'), 'workdir': None, 'idxs': {'c_annual': [86], 'c_monthly': [86], 'starting_deviation': [86], 'strength_eta': [86]}, 'vals': {'c_annual': [19.954260436938654], 'c_monthly': [0.23596775331482434], 'starting_deviation': [226.0], 'strength_eta': [133.65153630129993]}}",,,0,2022-09-17 06:02:56.816,2022-09-17 06:02:56.934,1.4189063569568363,ok,19.954260436938654,0.23596775331482434,226.0,133.65153630129993
2,87,,"{'loss': 1.4191063676331086, 'params': {'c_annual': 33.01936817951782, 'c_monthly': 18.160028234189284, 'starting_deviation': 302.0, 'strength_eta': 167.1023997834891}, 'status': 'ok'}","{'tid': 87, 'cmd': ('domain_attachment', 'FMinIter_Domain'), 'workdir': None, 'idxs': {'c_annual': [87], 'c_monthly': [87], 'starting_deviation': [87], 'strength_eta': [87]}, 'vals': {'c_annual': [33.01936817951782], 'c_monthly': [18.160028234189284], 'starting_deviation': [302.0], 'strength_eta': [167.1023997834891]}}",,,0,2022-09-17 06:02:56.956,2022-09-17 06:02:57.069,1.4191063676331086,ok,33.01936817951782,18.160028234189284,302.0,167.1023997834891
2,88,,"{'loss': 1.4191366106611192, 'params': {'c_annual': 5.2544551886695094, 'c_monthly': 4.3267729878976375, 'starting_deviation': 171.0, 'strength_eta': 110.19884187267019}, 'status': 'ok'}","{'tid': 88, 'cmd': ('domain_attachment', 'FMinIter_Domain'), 'workdir': None, 'idxs': {'c_annual': [88], 'c_monthly': [88], 'starting_deviation': [88], 'strength_eta': [88]}, 'vals': {'c_annual': [5.2544551886695094], 'c_monthly': [4.3267729878976375], 'starting_deviation': [171.0], 'strength_eta': [110.19884187267019]}}",,,0,2022-09-17 06:02:57.089,2022-09-17 06:02:57.211,1.4191366106611192,ok,5.2544551886695094,4.3267729878976375,171.0,110.19884187267019
2,89,,"{'loss': 1.4213604763511447, 'params': {'c_annual': 7.336818329080845, 'c_monthly': 25.44887396465118, 'starting_deviation': 150.0, 'strength_eta': 56.73412267125847}, 'status': 'ok'}","{'tid': 89, 'cmd': ('domain_attachment', 'FMinIter_Domain'), 'workdir': None, 'idxs': {'c_annual': [89], 'c_monthly': [89], 'starting_deviation': [89], 'strength_eta': [89]}, 'vals': {'c_annual': [7.336818329080845], 'c_monthly': [25.44887396465118], 'starting_deviation': [150.0], 'strength_eta': [56.73412267125847]}}",,,0,2022-09-17 06:02:57.231,2022-09-17 06:02:57.350,1.4213604763511447,ok,7.336818329080845,25.44887396465118,150.0,56.73412267125847
2,90,,"{'loss': 1.418834284314464, 'params': {'c_annual': 18.05298811143531, 'c_monthly': 11.981355883006405, 'starting_deviation': 372.0, 'strength_eta': 199.39616488755493}, 'status': 'ok'}","{'tid': 90, 'cmd': ('domain_attachment', 'FMinIter_Domain'), 'workdir': None, 'idxs': {'c_annual': [90], 'c_monthly': [90], 'starting_deviation': [90], 'strength_eta': [90]}, 'vals': {'c_annual': [18.05298811143531], 'c_monthly': [11.981355883006405], 'starting_deviation': [372.0], 'strength_eta': [199.39616488755493]}}",,,0,2022-09-17 06:02:57.373,2022-09-17 06:02:57.562,1.418834284314464,ok,18.05298811143531,11.981355883006405,372.0,199.39616488755493
2,91,,"{'loss': 1.4181520742416343, 'params': {'c_annual': 8.455905270526749, 'c_monthly': 21.484476018121356, 'starting_deviation': 114.0, 'strength_eta': 152.97882910583724}, 'status': 'ok'}","{'tid': 91, 'cmd': ('domain_attachment', 'FMinIter_Domain'), 'workdir': None, 'idxs': {'c_annual': [91], 'c_monthly': [91], 'starting_deviation': [91], 'strength_eta': [91]}, 'vals': {'c_annual': [8.455905270526749], 'c_monthly': [21.484476018121356], 'starting_deviation': [114.0], 'strength_eta': [152.97882910583724]}}",,,0,2022-09-17 06:02:57.582,2022-09-17 06:02:57.705,1.4181520742416343,ok,8.455905270526749,21.484476018121356,114.0,152.97882910583724
2,92,,"{'loss': 1.4188329895182572, 'params': {'c_annual': 5.502280874076515, 'c_monthly': 15.881059069428652, 'starting_deviation': 140.0, 'strength_eta': 123.89625285875373}, 'status': 'ok'}","{'tid': 92, 'cmd': ('domain_attachment', 'FMinIter_Domain'), 'workdir': None, 'idxs': {'c_annual': [92], 'c_monthly': [92], 'starting_deviation': [92], 'strength_eta': [92]}, 'vals': {'c_annual': [5.502280874076515], 'c_monthly': [15.881059069428652], 'starting_deviation': [140.0], 'strength_eta': [123.89625285875373]}}",,,0,2022-09-17 06:02:57.726,2022-09-17 06:02:57.846,1.4188329895182572,ok,5.502280874076515,15.881059069428652,140.0,123.89625285875373
2,93,,"{'loss': 1.417930859776687, 'params': {'c_annual': 1.2160100848419297, 'c_monthly': 43.35492320581905, 'starting_deviation': 91.0, 'strength_eta': 194.3840172690993}, 'status': 'ok'}","{'tid': 93, 'cmd': ('domain_attachment', 'FMinIter_Domain'), 'workdir': None, 'idxs': {'c_annual': [93], 'c_monthly': [93], 'starting_deviation': [93], 'strength_eta': [93]}, 'vals': {'c_annual': [1.2160100848419297], 'c_monthly': [43.35492320581905], 'starting_deviation': [91.0], 'strength_eta': [194.3840172690993]}}",,,0,2022-09-17 06:02:57.867,2022-09-17 06:02:57.985,1.417930859776687,ok,1.2160100848419297,43.35492320581905,91.0,194.3840172690993
2,94,,"{'loss': 1.41825001956454, 'params': {'c_annual': 16.234409641886497, 'c_monthly': 28.19148281203494, 'starting_deviation': 63.0, 'strength_eta': 142.5593681903647}, 'status': 'ok'}","{'tid': 94, 'cmd': ('domain_attachment', 'FMinIter_Domain'), 'workdir': None, 'idxs': {'c_annual': [94], 'c_monthly': [94], 'starting_deviation': [94], 'strength_eta': [94]}, 'vals': {'c_annual': [16.234409641886497], 'c_monthly': [28.19148281203494], 'starting_deviation': [63.0], 'strength_eta': [142.5593681903647]}}",,,0,2022-09-17 06:02:58.006,2022-09-17 06:02:58.120,1.41825001956454,ok,16.234409641886497,28.19148281203494,63.0,142.5593681903647
2,95,,"{'loss': 1.4200230581196955, 'params': {'c_annual': 4.074828300713799, 'c_monthly': 33.83794501309312, 'starting_deviation': 391.0, 'strength_eta': 176.30291593832598}, 'status': 'ok'}","{'tid': 95, 'cmd': ('domain_attachment', 'FMinIter_Domain'), 'workdir': None, 'idxs': {'c_annual': [95], 'c_monthly': [95], 'starting_deviation': [95], 'strength_eta': [95]}, 'vals': {'c_annual': [4.074828300713799], 'c_monthly': [33.83794501309312], 'starting_deviation': [391.0], 'strength_eta': [176.30291593832598]}}",,,0,2022-09-17 06:02:58.141,2022-09-17 06:02:58.261,1.4200230581196955,ok,4.074828300713799,33.83794501309312,391.0,176.30291593832598
2,96,,"{'loss': 1.420434473887708, 'params': {'c_annual': 21.924474691638835, 'c_monthly': 14.115628709463591, 'starting_deviation': 261.0, 'strength_eta': 94.14343309721976}, 'status': 'ok'}","{'tid': 96, 'cmd': ('domain_attachment', 'FMinIter_Domain'), 'workdir': None, 'idxs': {'c_annual': [96], 'c_monthly': [96], 'starting_deviation': [96], 'strength_eta': [96]}, 'vals': {'c_annual': [21.924474691638835], 'c_monthly': [14.115628709463591], 'starting_deviation': [261.0], 'strength_eta': [94.14343309721976]}}",,,0,2022-09-17 06:02:58.284,2022-09-17 06:02:58.410,1.420434473887708,ok,21.924474691638835,14.115628709463591,261.0,94.14343309721976
2,97,,"{'loss': 1.420226536100778, 'params': {'c_annual': 38.54861536357805, 'c_monthly': 22.290034654605616, 'starting_deviation': 129.0, 'strength_eta': 84.47198397557321}, 'status': 'ok'}","{'tid': 97, 'cmd': ('domain_attachment', 'FMinIter_Domain'), 'workdir': None, 'idxs': {'c_annual': [97], 'c_monthly': [97], 'starting_deviation': [97], 'strength_eta': [97]}, 'vals': {'c_annual': [38.54861536357805], 'c_monthly': [22.290034654605616], 'starting_deviation': [129.0], 'strength_eta': [84.47198397557321]}}",,,0,2022-09-17 06:02:58.431,2022-09-17 06:02:58.558,1.420226536100778,ok,38.54861536357805,22.290034654605616,129.0,84.47198397557321
2,98,,"{'loss': 1.417447493630419, 'params': {'c_annual': 42.52990165356546, 'c_monthly': 38.11725137844337, 'starting_deviation': 73.0, 'strength_eta': 199.94531839615215}, 'status': 'ok'}","{'tid': 98, 'cmd': ('domain_attachment', 'FMinIter_Domain'), 'workdir': None, 'idxs': {'c_annual': [98], 'c_monthly': [98], 'starting_deviation': [98], 'strength_eta': [98]}, 'vals': {'c_annual': [42.52990165356546], 'c_monthly': [38.11725137844337], 'starting_deviation': [73.0], 'strength_eta': [199.94531839615215]}}",,,0,2022-09-17 06:02:58.582,2022-09-17 06:02:58.700,1.417447493630419,ok,42.52990165356546,38.11725137844337,73.0,199.94531839615215
2,99,,"{'loss': 1.420293163863103, 'params': {'c_annual': 12.183698496455197, 'c_monthly': 12.823487392759167, 'starting_deviation': 157.0, 'strength_eta': 76.03960961595017}, 'status': 'ok'}","{'tid': 99, 'cmd': ('domain_attachment', 'FMinIter_Domain'), 'workdir': None, 'idxs': {'c_annual': [99], 'c_monthly': [99], 'starting_deviation': [99], 'strength_eta': [99]}, 'vals': {'c_annual': [12.183698496455197], 'c_monthly': [12.823487392759167], 'starting_deviation': [157.0], 'strength_eta': [76.03960961595017]}}",,,0,2022-09-17 06:02:58.720,2022-09-17 06:02:58.838,1.420293163863103,ok,12.183698496455197,12.823487392759167,157.0,76.03960961595017
